Workbook

Sheet Components & Wiki v1
A1: ='Components Data Source'!A1 -> Name | B1: ='Components Data Source'!B1 -> GUID | C1: ='Components Data Source'!C1 -> FCPX Name | D1: ='Components Data Source'!D1 -> Source | E1: New GUI(Blue is OK as new GUID may not be required) | F1: Completed | G1: Icon | H1: Notes | I1: ='Components Data Source'!I1 -> Peripherals | J1: ='Components Data Source'!J1 -> Dynamic | K1: ='Components Data Source'!K1 -> Embedded | L1: ='Components Data Source'!L1 -> AppDeveloper | M1: ="Converted to v10, W=WIP. (Yes = "&COUNTIF(M2:M603, "Y")&"/"&(COUNTIF(M2:M603, "N")+COUNTIF(M2:M603, "W")+COUNTIF(M2:M603, "Y"))&")" -> Converted to v10, W=WIP. (Yes = 0/602) | N1: ='Components Data Source'!M1 -> URL | O1: ="Wiki Link working Via Help, 3rd pass. Tot Checked ="&(COUNTIF(O2:O603,"N")+COUNTIF(O2:O603,"Y")+COUNTIF(O2:O603,"I")+COUNTIF(O2:O603,"O"))&", GN:OK="&COUNTIF(O2:O603,"Y")&", YL:Issue e.g [[File:]="&COUNTIF(O2:O603,"I")&", OR:org format="&(COUNTIF(O2:O603,"O")&", RD:Not Working="&(COUNTIF(O2:O603,"N"))) -> Wiki Link working Via Help, 3rd pass. Tot Checked =592, GN:OK=533, YL:Issue e.g [[File:]=29, OR:org format=28, RD:Not Working=2 | P1: Notes Column N. | Q1: Only App Developer | R1: ="Conversion Required (Cells entered = "&COUNTIF(R2:R603, "Y")+COUNTIF(R2:R603, "N")&"/"&COUNTIF(R2:R603, "Y")+COUNTIF(R2:R603, "N")+COUNTIF(R2:R603, "Q")+COUNTIF(R2:R603, "")&")" -> Conversion Required (Cells entered = 589/600) | S1: ="Converted or 2D only? (Yes = "&COUNTIFS(S2:S613,"Y",R2:R613,"Y")&"/"&(COUNTIFS(R2:R613,"Y"))&")" -> Converted or 2D only? (Yes = 263/265) | T1: Console Required | U1: Comms Ind | V1: Provide (Left) Icon | W1: Borrow (Right) Icon | X1: Component Uploaded to OneDrive | Y1: ="Converted component Loads and looks + functions correctly (Yes = "&COUNTIF(Y2:Y603, "Y")&"/"&COUNTIF(Y2:Y603, "Y")+COUNTIF(Y2:Y603, "N")+COUNTIF(Y2:Y603, "A")&")" -> Converted component Loads and looks + functions correctly (Yes = 218/262) | Z1: Comps uploading to server: Grn = Ready, Rd = Not Ready, Bl conversion not required & Or = Awaiting for approval. | AA1: Notes to Ben or Requires Help From Ben? | AB1: Martins Comments | AC1: Bens Comments | AD1: ="Wiki Link working Via Help. Bl = Not applic. (Not working = "&COUNTIF(AD2:AD603, "N")&"/"&(COUNTIF(AD2:AD603, "N")+COUNTIF(AD2:AD603, "Y"))&")" -> Wiki Link working Via Help. Bl = Not applic. (Not working = 46/593) | AE1: Example/Scenario Added. Bl= not Applicable | AF1: Circuit Diagram Added Bl= not Applicable | AG1: Example Flowchart/Diagram Added 2nd run Bl= not Applicable | AH1: Notes AC to AF | AI1: Components Usage | AJ1: ="Component tested (HW & Sim if appl ) Or = awaiting to test (Tested = "&COUNTIF(AJ2:AJ603, "Y")&"/"&(COUNTIF(AJ2:AJ603, "Y")+COUNTIF(AJ2:AJ603, "A"))&")" -> Component tested (HW & Sim if appl ) Or = awaiting to test (Tested = 13/541)
A2: ='Components Data Source'!A2 -> DAC (AD5662) | B2: ='Components Data Source'!B2 -> 3D87FFE9-97C1-4013-A2CD-82C24D0CCB48 | C2: ='Components Data Source'!C2 -> ADC_AD5662.fcpx | D2: ='Components Data Source'!D2 -> Components\IO_Source\outputs\DAC_AD5662.fcfx | E2: ='Components Data Source'!E2 -> COMMSA | F2: ='Components Data Source'!F2 -> ANALOG OUTPUT | G2: ='Components Data Source'!G2 -> 0 | H2: ='Components Data Source'!H2 -> 0 | ... L2: ='Components Data Source'!L2 -> 0 | M2: N | N2: =HYPERLINK('Components Data Source'!M2) -> https://www.flowcode.co.uk/wiki/index.php?title=Component:_ID_3d87ffe9_97c1_4013_a2cd_82c24d0ccb48 | O2: Y | Q2: =IF(L2=1,IF(K2=1,"",1),"") | R2: Y | S2: Y | T2: Y | U2: Y | V2: None | W2: SPI | X2: Y | Y2: Y | Z2: =IF(AND(R2="Y",Y2="Y"),1,IF(R2="N",2,IF(R2="",4,IF(Y2="A",3,0)))) -> 1 | AD2: Y | AE2: Y | AF2: Y | AG2: Y | AI2: =VLOOKUP(B2,'Components Usage'!A$2:C$603,3,FALSE) -> 0 | AJ2: A | BI2: Column1
A3: ='Components Data Source'!A3 -> ADC (AD7680) | B3: ='Components Data Source'!B3 -> 937E425E-21C0-4B08-8D8F-0BF80A6391D2 | C3: ='Components Data Source'!C3 -> ADC_AD7680.fcpx | D3: ='Components Data Source'!D3 -> Components\IO_Source\adc\ExternalADC_AD7680.fcfx | E3: ='Components Data Source'!E3 -> COMMSA | F3: ='Components Data Source'!F3 -> ANALOG INPUT | G3: ='Components Data Source'!G3 -> 0 | H3: ='Components Data Source'!H3 -> 0 | ... L3: ='Components Data Source'!L3 -> 0 | M3: N | N3: =HYPERLINK('Components Data Source'!M3) -> https://www.flowcode.co.uk/wiki/index.php?title=Component:_ID_937e425e_21c0_4b08_8d8f_0bf80a6391d2 | O3: Y | Q3: =IF(L3=1,IF(K3=1,"",1),"") | R3: Y | S3: Y | T3: Y | U3: Y | V3: None | W3: SPI | X3: Y | Y3: Y | Z3: =IF(AND(R3="Y",Y3="Y"),1,IF(R3="N",2,IF(R3="",4,IF(Y3="A",3,0)))) -> 1 | AD3: Y | AE3: Y | AF3: Y | AG3: Y | AI3: =VLOOKUP(B3,'Components Usage'!A$2:C$603,3,FALSE) -> 3 | AJ3: A | AQ3: Select
A4: ='Components Data Source'!A4 -> DSP Audio Input (EB085) | B4: ='Components Data Source'!B4 -> 87D8BAD5-6392-41FB-B370-D9B2C0F8F13F | C4: ='Components Data Source'!C4 -> ADC_EB085.fcpx | D4: ='Components Data Source'!D4 -> Components\IO_Source\adc\ExternalADC_AD7680_EB085.fcfx | E4: ='Components Data Source'!E4 -> COMMSA | F4: ='Components Data Source'!F4 -> E-BLOCKS 1 | G4: ='Components Data Source'!G4 -> 0 | H4: ='Components Data Source'!H4 -> 0 | ... L4: ='Components Data Source'!L4 -> 0 | M4: N | N4: =HYPERLINK('Components Data Source'!M4) -> https://www.flowcode.co.uk/wiki/index.php?title=Component:_ID_87d8bad5_6392_41fb_b370_d9b2c0f8f13f | O4: O | Q4: =IF(L4=1,IF(K4=1,"",1),"") | R4: Y | S4: Y | T4: Y | U4: Y | V4: None | W4: SPI | X4: Y | Y4: Y | Z4: =IF(AND(R4="Y",Y4="Y"),1,IF(R4="N",2,IF(R4="",4,IF(Y4="A",3,0)))) -> 1 | AB4: Will modify wiki when new rage has replaced current range. | AD4: Y | AE4: N | AF4: N | AG4: N | AI4: =VLOOKUP(B4,'Components Usage'!A$2:C$603,3,FALSE) -> 13 | AJ4: A | AQ4: None
A5: ='Components Data Source'!A5 -> ADC (MCP356X) | B5: ='Components Data Source'!B5 -> 235FD689-BFD1-4C4A-A918-6C3C36E9A49F | C5: ='Components Data Source'!C5 -> ADC_MCP356X.fcpx | D5: ='Components Data Source'!D5 -> Components\IO_Source\adc\ExternalADC_MCP356X.fcfx | E5: ='Components Data Source'!E5 -> FREE | F5: ='Components Data Source'!F5 -> ANALOG INPUT | G5: ='Components Data Source'!G5 -> 0 | H5: ='Components Data Source'!H5 -> 0 | ... L5: ='Components Data Source'!L5 -> 0 | M5: N | N5: =HYPERLINK('Components Data Source'!M5) -> https://www.flowcode.co.uk/wiki/index.php?title=Component:_ID_235fd689_bfd1_4c4a_a918_6c3c36e9a49f | O5: Y | Q5: =IF(L5=1,IF(K5=1,"",1),"") | R5: Y | S5: Y | T5: Y | V5: None | W5: SPI | X5: Y | Y5: Y | Z5: =IF(AND(R5="Y",Y5="Y"),1,IF(R5="N",2,IF(R5="",4,IF(Y5="A",3,0)))) -> 1 | AD5: Y | AF5: N | AG5: N | AI5: =VLOOKUP(B5,'Components Usage'!A$2:C$603,3,FALSE) -> 0 | AQ5: NetComms
A6: ='Components Data Source'!A6 -> Infrared Array AMG88xx | B6: ='Components Data Source'!B6 -> E1D52EFB-00D4-4E19-BA4C-29B292535EA1 | C6: ='Components Data Source'!C6 -> AMG88xx.fcpx | D6: ='Components Data Source'!D6 -> Components\IO_Source\Sensors\AMG88.fcfx | E6: ='Components Data Source'!E6 -> SENSORS | F6: ='Components Data Source'!F6 -> LIGHT | G6: ='Components Data Source'!G6 -> 0 | H6: ='Components Data Source'!H6 -> 0 | ... L6: ='Components Data Source'!L6 -> 1 | M6: N | N6: =HYPERLINK('Components Data Source'!M6) -> https://www.flowcode.co.uk/wiki/index.php?title=Component:_ID_e1d52efb_00d4_4e19_ba4c_29b292535ea1 | O6: Y | Q6: =IF(L6=1,IF(K6=1,"",1),"") | R6: Y | S6: Y | T6: N | U6: N | V6: None | W6: None | X6: Y | Y6: Y | Z6: =IF(AND(R6="Y",Y6="Y"),1,IF(R6="N",2,IF(R6="",4,IF(Y6="A",3,0)))) -> 1 | AD6: Y | AE6: N | AF6: N | AG6: N | AI6: =VLOOKUP(B6,'Components Usage'!A$2:C$603,3,FALSE) -> 3 | AJ6: A | AQ6: TCP/IP
A7: ='Components Data Source'!A7 -> Accelerometer(EB068) | B7: ='Components Data Source'!B7 -> B81925B1-7504-4D77-AC90-3A4FA700FCC4 | C7: ='Components Data Source'!C7 -> Accelerometer_EB068.fcpx | D7: ='Components Data Source'!D7 -> Components\IO_Source\Sensors\Accelerometer_EB068.fcfx | E7: ='Components Data Source'!E7 -> SENSORS | F7: ='Components Data Source'!F7 -> E-BLOCKS 1 | G7: ='Components Data Source'!G7 -> 0 | H7: ='Components Data Source'!H7 -> 0 | ... L7: ='Components Data Source'!L7 -> 0 | M7: N | N7: =HYPERLINK('Components Data Source'!M7) -> https://www.flowcode.co.uk/wiki/index.php?title=Component:_ID_b81925b1_7504_4d77_ac90_3a4fa700fcc4 | O7: O | Q7: =IF(L7=1,IF(K7=1,"",1),"") | R7: Y | S7: Y | T7: Y | U7: Y | V7: None | W7: I2C | X7: Y | Y7: A | Z7: =IF(AND(R7="Y",Y7="Y"),1,IF(R7="N",2,IF(R7="",4,IF(Y7="A",3,0)))) -> 3 | AB7: Not happy with console tabs. Transaction Conversion Required for both I2C & SPI. Icon misisng. No icons below .Return=UpdateXYZData(). Fixed & Competed I2C transaction 16/8/21 | AD7: Y | AE7: N | AF7: N | AG7: N | AI7: =VLOOKUP(B7,'Components Usage'!A$2:C$603,3,FALSE) -> 0 | AJ7: A | AQ7: GLCD
A8: ='Components Data Source'!A8 -> Accelerometer 3-Axis(LIS3LV02DQ) | B8: ='Components Data Source'!B8 -> 72F0A8C3-2B8F-4723-B22A-4A81873E5151 | C8: ='Components Data Source'!C8 -> Accelerometer_LIS3LV02DQ.fcpx | D8: ='Components Data Source'!D8 -> Components\IO_Source\Sensors\Accelerometer_LIS3LV0DQ.fcfx | E8: ='Components Data Source'!E8 -> SENSORS | F8: ='Components Data Source'!F8 -> MOVEMENT &AMP; ORIENTATION | G8: ='Components Data Source'!G8 -> 0 | H8: ='Components Data Source'!H8 -> 0 | ... L8: ='Components Data Source'!L8 -> 1 | M8: N | N8: =HYPERLINK('Components Data Source'!M8) -> https://www.flowcode.co.uk/wiki/index.php?title=Component:_ID_72f0a8c3_2b8f_4723_b22a_4a81873e5151 | O8: Y | P8: Was 'N' Fixed MW | Q8: =IF(L8=1,IF(K8=1,"",1),"") | R8: Y | S8: Y | T8: Y | U8: Y | V8: None | W8: I2C | X8: Y | Y8: Y | Z8: =IF(AND(R8="Y",Y8="Y"),1,IF(R8="N",2,IF(R8="",4,IF(Y8="A",3,0)))) -> 1 | AA8: N | AB8: Requires Transaction conversion for both I2C and SPI. Wrong o/p icon - Corrected 10/06/21. Changed injector ref within properties to API 15/6/21 | AC8: Just do transaction conversion for I2C, SPI can stay as is and will work on ESP/ARM devices | AD8: Y | AE8: N | AF8: N | AG8: N | AI8: =VLOOKUP(B8,'Components Usage'!A$2:C$603,3,FALSE) -> 0 | AJ8: A | AQ8: File
A9: ='Components Data Source'!A9 -> Accelerometer 3-Axis(MMA8452Q) | B9: ='Components Data Source'!B9 -> 2C716005-E9B5-46E3-86F9-30E5268341A9 | C9: ='Components Data Source'!C9 -> Accelerometer_MMA8452Q.fcpx | D9: ='Components Data Source'!D9 -> Components\IO_Source\Sensors\Accelerometer_MMA8452Q.fcfx | E9: ='Components Data Source'!E9 -> SENSORS | F9: ='Components Data Source'!F9 -> MOVEMENT &AMP; ORIENTATION | G9: ='Components Data Source'!G9 -> 0 | H9: ='Components Data Source'!H9 -> 0 | ... L9: ='Components Data Source'!L9 -> 1 | M9: N | N9: =HYPERLINK('Components Data Source'!M9) -> https://www.flowcode.co.uk/wiki/index.php?title=Component:_ID_2c716005_e9b5_46e3_86f9_30e5268341a9 | O9: Y | P9: Was 'N' Fixed MW | Q9: =IF(L9=1,IF(K9=1,"",1),"") | R9: Y | S9: Y | T9: Y | U9: Y | V9: None | W9: I2C | X9: Y | Y9: A | Z9: =IF(AND(R9="Y",Y9="Y"),1,IF(R9="N",2,IF(R9="",4,IF(Y9="A",3,0)))) -> 3 | AB9: Both I2C & SPI added, but only using I2C. Wrong o/p icon - Corrected 10/06/21 Changed injector ref within properties to API 15/6/21 | AD9: N | AF9: N | AG9: N | AI9: =VLOOKUP(B9,'Components Usage'!A$2:C$603,3,FALSE) -> 1 | AQ9: I2C
A10: ='Components Data Source'!A10 -> Ambient Light(BH1750FVI) | B10: ='Components Data Source'!B10 -> E08872A7-6962-4B61-BCCA-71389F8ED8D7 | C10: ='Components Data Source'!C10 -> AmbientLight.fcpx | D10: ='Components Data Source'!D10 -> Components\IO_Source\Sensors\AmbientLight_BH1750FVI.fcfx | E10: ='Components Data Source'!E10 -> SENSORS | F10: ='Components Data Source'!F10 -> LIGHT | G10: ='Components Data Source'!G10 -> 0 | H10: ='Components Data Source'!H10 -> 0 | ... L10: ='Components Data Source'!L10 -> 0 | M10: N | N10: =HYPERLINK('Components Data Source'!M10) -> https://www.flowcode.co.uk/wiki/index.php?title=Component:_ID_e08872a7_6962_4b61_bcca_71389f8ed8d7 | O10: Y | Q10: =IF(L10=1,IF(K10=1,"",1),"") | R10: Y | S10: Y | T10: Y | U10: Y | V10: None | W10: I2C | X10: Y | Y10: Y | Z10: =IF(AND(R10="Y",Y10="Y"),1,IF(R10="N",2,IF(R10="",4,IF(Y10="A",3,0)))) -> 1 | AB10: BH1750 Keyword requires adding. Added. | AD10: N | AF10: N | AG10: N | AI10: =VLOOKUP(B10,'Components Usage'!A$2:C$603,3,FALSE) -> 1 | AQ10: SPI
A11: ='Components Data Source'!A11 -> Area Chart | B11: ='Components Data Source'!B11 -> A907D905-5879-48F3-9ADD-369A2F4E164F | C11: ='Components Data Source'!C11 -> AreaChart.fcpx | D11: ='Components Data Source'!D11 -> Components\IO_Source\2dGDI\ChartArea.fcfx | E11: ='Components Data Source'!E11 -> FREE | F11: ='Components Data Source'!F11 -> CHARTS | G11: ='Components Data Source'!G11 -> CHARTS | H11: ='Components Data Source'!H11 -> 0 | ... L11: ='Components Data Source'!L11 -> 1 | M11: N | N11: =HYPERLINK('Components Data Source'!M11) -> https://www.flowcode.co.uk/wiki/index.php?title=Component:_ID_a907d905_5879_48f3_9add_369a2f4e164f | O11: Y | Q11: =IF(L11=1,IF(K11=1,"",1),"") | R11: N | V11: Select | W11: Select | Z11: =IF(AND(R11="Y",Y11="Y"),1,IF(R11="N",2,IF(R11="",4,IF(Y11="A",3,0)))) -> 2 | AD11: N | AF11: N | AG11: N | AI11: =VLOOKUP(B11,'Components Usage'!A$2:C$603,3,FALSE) -> 0 | AQ11: UART
A12: ='Components Data Source'!A12 -> Auto Version Identifier | B12: ='Components Data Source'!B12 -> 1911D96C-78DD-414A-B23C-6691FB19F63F | C12: ='Components Data Source'!C12 -> AutoVersionID.fcpx | D12: ='Components Data Source'!D12 -> Components\IO_Source\AutoVersionID.fcfx | E12: ='Components Data Source'!E12 -> STORAGE | F12: ='Components Data Source'!F12 -> STORAGE | G12: ='Components Data Source'!G12 -> 0 | H12: ='Components Data Source'!H12 -> 0 | ... L12: ='Components Data Source'!L12 -> 1 | M12: N | N12: =HYPERLINK('Components Data Source'!M12) -> https://www.flowcode.co.uk/wiki/index.php?title=Component:_ID_1911d96c_78dd_414a_b23c_6691fb19f63f | O12: Y | Q12: =IF(L12=1,IF(K12=1,"",1),"") | R12: N | V12: Select | W12: Select | Z12: =IF(AND(R12="Y",Y12="Y"),1,IF(R12="N",2,IF(R12="",4,IF(Y12="A",3,0)))) -> 2 | AD12: Y | AE12: Y | AF12: A | AG12: Y | AI12: =VLOOKUP(B12,'Components Usage'!A$2:C$603,3,FALSE) -> 36 | AJ12: Y | AQ12: API
A13: ='Components Data Source'!A13 -> BBC News | B13: ='Components Data Source'!B13 -> 72CD9559-26F7-4FFD-984C-CF3A82A6DB16 | C13: ='Components Data Source'!C13 -> BBCNews.fcpx | D13: ='Components Data Source'!D13 -> Components\IO_Source\IoT\BBCNews.fcfx | E13: ='Components Data Source'!E13 -> COMMSC | F13: ='Components Data Source'!F13 -> COMMS: IOT/CLOUD | G13: ='Components Data Source'!G13 -> 0 | H13: ='Components Data Source'!H13 -> 0 | ... L13: ='Components Data Source'!L13 -> 1 | M13: N | N13: =HYPERLINK('Components Data Source'!M13) -> https://www.flowcode.co.uk/wiki/index.php?title=Component:_ID_72cd9559_26f7_4ffd_984c_cf3a82a6db16 | O13: Y | Q13: =IF(L13=1,IF(K13=1,"",1),"") | R13: Y | S13: Y | T13: N | U13: Y | V13: None | W13: NetComms | X13: Y | Y13: Y | Z13: =IF(AND(R13="Y",Y13="Y"),1,IF(R13="N",2,IF(R13="",4,IF(Y13="A",3,0)))) -> 1 | AB13: References to weather. Fixed 08/06/21 | AD13: Y | AE13: N | AF13: A | AG13: N | AI13: =VLOOKUP(B13,'Components Usage'!A$2:C$603,3,FALSE) -> 1 | AJ13: A | AQ13: 1Wire API
A14: ='Components Data Source'!A14 -> BBC Weather Observation | B14: ='Components Data Source'!B14 -> BF90426C-1763-4A7A-BE5C-B3E442E3F6D8 | C14: ='Components Data Source'!C14 -> BBCWeather.fcpx | D14: ='Components Data Source'!D14 -> Components\IO_Source\IoT\BBCWeatherObservation.fcfx | E14: ='Components Data Source'!E14 -> COMMSC | F14: ='Components Data Source'!F14 -> COMMS: IOT/CLOUD | G14: ='Components Data Source'!G14 -> 0 | H14: ='Components Data Source'!H14 -> 0 | ... L14: ='Components Data Source'!L14 -> 1 | M14: N | N14: =HYPERLINK('Components Data Source'!M14) -> https://www.flowcode.co.uk/wiki/index.php?title=Component:_ID_bf90426c_1763_4a7a_be5c_b3e442e3f6d8 | O14: Y | R14: Y | S14: Y | T14: N | U14: Y | V14: None | W14: NetComms | X14: N | Y14: Y | Z14: =IF(AND(R14="Y",Y14="Y"),1,IF(R14="N",2,IF(R14="",4,IF(Y14="A",3,0)))) -> 1 | AD14: Y | AE14: Y | AF14: A | AG14: Y | AI14: =VLOOKUP(B14,'Components Usage'!A$2:C$603,3,FALSE) -> 1 | AJ14: A | AQ14: 1Wire
A15: ='Components Data Source'!A15 -> BBC Weather Forecast | B15: ='Components Data Source'!B15 -> DF96FFA1-4D36-453A-8877-758F68A2676C | C15: ='Components Data Source'!C15 -> BBCWeatherForecast.fcpx | D15: ='Components Data Source'!D15 -> Components\IO_Source\IoT\BBCWeatherForecast.fcfx | E15: ='Components Data Source'!E15 -> COMMSC | F15: ='Components Data Source'!F15 -> COMMS: IOT/CLOUD | G15: ='Components Data Source'!G15 -> 0 | H15: ='Components Data Source'!H15 -> 0 | ... L15: ='Components Data Source'!L15 -> 1 | M15: N | N15: =HYPERLINK('Components Data Source'!M15) -> https://www.flowcode.co.uk/wiki/index.php?title=Component:_ID_df96ffa1_4d36_453a_8877_758f68a2676c | O15: Y | Q15: =IF(L15=1,IF(K15=1,"",1),"") | R15: Y | S15: Y | T15: N | U15: Y | V15: None | W15: NetComms | X15: Y | Y15: Y | Z15: =IF(AND(R15="Y",Y15="Y"),1,IF(R15="N",2,IF(R15="",4,IF(Y15="A",3,0)))) -> 1 | AB15: No conponent icon Fixed 08/06/21 | AD15: Y | AE15: Y | AF15: A | AG15: Y | AI15: =VLOOKUP(B15,'Components Usage'!A$2:C$603,3,FALSE) -> 9 | AJ15: A
A16: ='Components Data Source'!A16 -> Bar Chart | B16: ='Components Data Source'!B16 -> 60B296CD-5B02-4C9C-9239-CCA36238F480 | C16: ='Components Data Source'!C16 -> BarChart.fcpx | D16: ='Components Data Source'!D16 -> Components\IO_Source\2dGDI\ChartBar.fcfx | E16: ='Components Data Source'!E16 -> FREE | F16: ='Components Data Source'!F16 -> CHARTS | G16: ='Components Data Source'!G16 -> CHARTS | H16: ='Components Data Source'!H16 -> 0 | ... L16: ='Components Data Source'!L16 -> 1 | M16: N | N16: =HYPERLINK('Components Data Source'!M16) -> https://www.flowcode.co.uk/wiki/index.php?title=Component:_ID_60b296cd_5b02_4c9c_9239_cca36238f480 | O16: Y | Q16: =IF(L16=1,IF(K16=1,"",1),"") | R16: N | V16: Select | W16: Select | Z16: =IF(AND(R16="Y",Y16="Y"),1,IF(R16="N",2,IF(R16="",4,IF(Y16="A",3,0)))) -> 2 | AD16: N | AF16: A | AG16: N | AI16: =VLOOKUP(B16,'Components Usage'!A$2:C$603,3,FALSE) -> 1
A17: ='Components Data Source'!A17 -> Barometer (DPS310) | B17: ='Components Data Source'!B17 -> CA60C1D2-FB77-4E3E-9D01-C4496D35DB1E | C17: ='Components Data Source'!C17 -> Barometer_DPS310.fcpx | D17: ='Components Data Source'!D17 -> Components\IO_Source\Sensors\Pressure_Sensor_DPS310.fcfx | E17: ='Components Data Source'!E17 -> SENSORS | F17: ='Components Data Source'!F17 -> ENVIRONMENTAL | G17: ='Components Data Source'!G17 -> 0 | H17: ='Components Data Source'!H17 -> 0 | ... L17: ='Components Data Source'!L17 -> 1 | M17: N | N17: =HYPERLINK('Components Data Source'!M17) -> https://www.flowcode.co.uk/wiki/index.php?title=Component:_ID_ca60c1d2_fb77_4e3e_9d01_c4496d35db1e | O17: Y | Q17: =IF(L17=1,IF(K17=1,"",1),"") | R17: Y | S17: Y | V17: Select | W17: Select | Y17: Y | Z17: =IF(AND(R17="Y",Y17="Y"),1,IF(R17="N",2,IF(R17="",4,IF(Y17="A",3,0)))) -> 1 | AD17: Y | AE17: N | AF17: N | AG17: N | AI17: =VLOOKUP(B17,'Components Usage'!A$2:C$603,3,FALSE) -> 0 | AJ17: A
A18: ='Components Data Source'!A18 -> Base2dChart | B18: ='Components Data Source'!B18 -> 1286CA5C-6453-4A92-9CCE-C6BA47457A69 | C18: ='Components Data Source'!C18 -> Base2dChart.fcpx | D18: ='Components Data Source'!D18 -> Components\IO_Source\2dGDI\Base2dChart.fcfx | E18: ='Components Data Source'!E18 -> FREE | F18: ='Components Data Source'!F18 -> DEVELOPMENT | G18: ='Components Data Source'!G18 -> 0 | H18: ='Components Data Source'!H18 -> 0 | ... L18: ='Components Data Source'!L18 -> 1 | M18: N | N18: =HYPERLINK('Components Data Source'!M18) -> https://www.flowcode.co.uk/wiki/index.php?title=Component:_ID_1286ca5c_6453_4a92_9cce_c6ba47457a69 | O18: A | Q18: =IF(L18=1,IF(K18=1,"",1),"") | R18: N | V18: Select | W18: Select | Z18: =IF(AND(R18="Y",Y18="Y"),1,IF(R18="N",2,IF(R18="",4,IF(Y18="A",3,0)))) -> 2 | AD18: A | AF18: N | AG18: N | AI18: =VLOOKUP(B18,'Components Usage'!A$2:C$603,3,FALSE) -> 1
A19: ='Components Data Source'!A19 -> Base2dGauge | B19: ='Components Data Source'!B19 -> B9285F96-06E8-4CDD-B0E2-A413F5150F1A | C19: ='Components Data Source'!C19 -> Base2dGauge.fcpx | D19: ='Components Data Source'!D19 -> Components\IO_Source\2dGDI\Base2dGauge.fcfx | E19: ='Components Data Source'!E19 -> FREE | F19: ='Components Data Source'!F19 -> DEVELOPMENT | G19: ='Components Data Source'!G19 -> 0 | H19: ='Components Data Source'!H19 -> 0 | ... L19: ='Components Data Source'!L19 -> 1 | M19: N | N19: =HYPERLINK('Components Data Source'!M19) -> https://www.flowcode.co.uk/wiki/index.php?title=Component:_ID_b9285f96_06e8_4cdd_b0e2_a413f5150f1a | O19: A | Q19: =IF(L19=1,IF(K19=1,"",1),"") | R19: N | V19: Select | W19: Select | Z19: =IF(AND(R19="Y",Y19="Y"),1,IF(R19="N",2,IF(R19="",4,IF(Y19="A",3,0)))) -> 2 | AD19: A | AF19: A | AG19: N | AI19: =VLOOKUP(B19,'Components Usage'!A$2:C$603,3,FALSE) -> 2
A20: ='Components Data Source'!A20 -> Base2dObject | B20: ='Components Data Source'!B20 -> E11146D4-2D40-4BE6-95CC-FBBDF8338C25 | C20: ='Components Data Source'!C20 -> Base2dObject.fcpx | D20: ='Components Data Source'!D20 -> Components\IO_Source\2dGDI\Base2dObject.fcfx | E20: ='Components Data Source'!E20 -> FREE | F20: ='Components Data Source'!F20 -> DEVELOPMENT | G20: ='Components Data Source'!G20 -> 0 | H20: ='Components Data Source'!H20 -> 0 | ... L20: ='Components Data Source'!L20 -> 1 | M20: N | N20: =HYPERLINK('Components Data Source'!M20) -> https://www.flowcode.co.uk/wiki/index.php?title=Component:_ID_e11146d4_2d40_4be6_95cc_fbbdf8338c25 | O20: A | Q20: =IF(L20=1,IF(K20=1,"",1),"") | R20: N | V20: Select | W20: Select | Z20: =IF(AND(R20="Y",Y20="Y"),1,IF(R20="N",2,IF(R20="",4,IF(Y20="A",3,0)))) -> 2 | AD20: A | AF20: A | AG20: A | AI20: =VLOOKUP(B20,'Components Usage'!A$2:C$603,3,FALSE) -> 3
A21: ='Components Data Source'!A21 -> Base2dStatic | B21: ='Components Data Source'!B21 -> 6E425786-81B6-4F40-AC24-6C674BFFE958 | C21: ='Components Data Source'!C21 -> Base2dStatic.fcpx | D21: ='Components Data Source'!D21 -> Components\IO_Source\2dGDI\Base2dStatic.fcfx | E21: ='Components Data Source'!E21 -> FREE | F21: ='Components Data Source'!F21 -> DEVELOPMENT | G21: ='Components Data Source'!G21 -> 0 | H21: ='Components Data Source'!H21 -> 0 | ... L21: ='Components Data Source'!L21 -> 1 | M21: N | N21: =HYPERLINK('Components Data Source'!M21) -> https://www.flowcode.co.uk/wiki/index.php?title=Component:_ID_6e425786_81b6_4f40_ac24_6c674bffe958 | O21: A | Q21: =IF(L21=1,IF(K21=1,"",1),"") | R21: N | V21: Select | W21: Select | Z21: =IF(AND(R21="Y",Y21="Y"),1,IF(R21="N",2,IF(R21="",4,IF(Y21="A",3,0)))) -> 2 | AD21: A | AF21: A | AG21: A | AI21: =VLOOKUP(B21,'Components Usage'!A$2:C$603,3,FALSE) -> 3
A22: ='Components Data Source'!A22 -> Base 64 | B22: ='Components Data Source'!B22 -> A78483E1-B293-47E7-984C-55984FC93571 | C22: ='Components Data Source'!C22 -> Base64.fcpx | D22: ='Components Data Source'!D22 -> Components\IO_Source\Storage\Base64.fcfx | E22: ='Components Data Source'!E22 -> COMMSC | F22: ='Components Data Source'!F22 -> STORAGE | G22: ='Components Data Source'!G22 -> STORAGE | H22: ='Components Data Source'!H22 -> 0 | ... L22: ='Components Data Source'!L22 -> 1 | M22: N | N22: =HYPERLINK('Components Data Source'!M22) -> https://www.flowcode.co.uk/wiki/index.php?title=Component:_ID_a78483e1_b293_47e7_984c_55984fc93571 | O22: Y | Q22: =IF(L22=1,IF(K22=1,"",1),"") | R22: Y | S22: Y | T22: N | U22: Y | V22: None | W22: NetComms | X22: Y | Y22: Y | Z22: =IF(AND(R22="Y",Y22="Y"),1,IF(R22="N",2,IF(R22="",4,IF(Y22="A",3,0)))) -> 1 | AD22: Y | AE22: Y | AF22: A | AG22: Y | AI22: =VLOOKUP(B22,'Components Usage'!A$2:C$603,3,FALSE) -> 2 | AJ22: A
A23: ='Components Data Source'!A23 -> GLCD Base | B23: ='Components Data Source'!B23 -> 4384CBA9-0BEA-4359-8C5B-DCD046AA7778 | C23: ='Components Data Source'!C23 -> Base_GLCD.fcpx | D23: ='Components Data Source'!D23 -> Components\IO_Source\displays\glcd_base.fcfx | E23: ='Components Data Source'!E23 -> FREE | F23: ='Components Data Source'!F23 -> GRAPHICAL | G23: ='Components Data Source'!G23 -> 0 | H23: ='Components Data Source'!H23 -> 0 | ... L23: ='Components Data Source'!L23 -> 1 | M23: N | N23: =HYPERLINK('Components Data Source'!M23) -> https://www.flowcode.co.uk/wiki/index.php?title=Component:_ID_4384cba9_0bea_4359_8c5b_dcd046aa7778 | O23: A | Q23: =IF(L23=1,IF(K23=1,"",1),"") | R23: N | V23: Select | W23: Select | Z23: =IF(AND(R23="Y",Y23="Y"),1,IF(R23="N",2,IF(R23="",4,IF(Y23="A",3,0)))) -> 2 | AD23: A | AF23: A | AG23: Y | AI23: =VLOOKUP(B23,'Components Usage'!A$2:C$603,3,FALSE) -> 10
A24: ='Components Data Source'!A24 -> Basic IO Shield PCB | B24: ='Components Data Source'!B24 -> 0CC9193A-1F8B-4D22-85D0-952B37C40B25 | C24: ='Components Data Source'!C24 -> BasicIOShieldPCB.fcpx | D24: ='Components Data Source'!D24 -> Components\IO_Source\PCBs\BasicIOShieldPCBCompSource.fcfx | E24: ='Components Data Source'!E24 -> FREE | F24: ='Components Data Source'!F24 -> MISC | G24: ='Components Data Source'!G24 -> 0 | H24: ='Components Data Source'!H24 -> 0 | ... L24: ='Components Data Source'!L24 -> 0 | M24: N | N24: =HYPERLINK('Components Data Source'!M24) -> https://www.flowcode.co.uk/wiki/index.php?title=Component:_ID_0cc9193a_1f8b_4d22_85d0_952b37c40b25 | O24: A | Q24: =IF(L24=1,IF(K24=1,"",1),"") | R24: N | V24: Select | W24: Select | Z24: =IF(AND(R24="Y",Y24="Y"),1,IF(R24="N",2,IF(R24="",4,IF(Y24="A",3,0)))) -> 2 | AD24: A | AI24: =VLOOKUP(B24,'Components Usage'!A$2:C$603,3,FALSE) -> 0
A25: ='Components Data Source'!A25 -> Bevel | B25: ='Components Data Source'!B25 -> B71C1512-A4C6-4887-A443-1ECF08D14D64 | C25: ='Components Data Source'!C25 -> Bevel2d.fcpx | D25: ='Components Data Source'!D25 -> Components\IO_Source\2dGDI\bevel2d.fcfx | E25: ='Components Data Source'!E25 -> FREE | F25: ='Components Data Source'!F25 -> 2D SHAPES | G25: ='Components Data Source'!G25 -> 0 | H25: ='Components Data Source'!H25 -> 0 | ... L25: ='Components Data Source'!L25 -> 1 | M25: N | N25: =HYPERLINK('Components Data Source'!M25) -> https://www.flowcode.co.uk/wiki/index.php?title=Component:_ID_b71c1512_a4c6_4887_a443_1ecf08d14d64 | O25: A | Q25: =IF(L25=1,IF(K25=1,"",1),"") | R25: N | V25: Select | W25: Select | Z25: =IF(AND(R25="Y",Y25="Y"),1,IF(R25="N",2,IF(R25="",4,IF(Y25="A",3,0)))) -> 2 | AD25: A | AF25: A | AG25: A | AI25: =VLOOKUP(B25,'Components Usage'!A$2:C$603,3,FALSE) -> 0
A26: ='Components Data Source'!A26 -> GLCD Bitmap Drawer ROM | B26: ='Components Data Source'!B26 -> 52DD90BD-FEC9-4EE5-934C-E4B2297168A5 | C26: ='Components Data Source'!C26 -> BitmapDrawer.fcpx | D26: ='Components Data Source'!D26 -> Components\IO_Source\displays\GLCD_Draw_Bitmap.fcfx | E26: ='Components Data Source'!E26 -> DISPLAYS | F26: ='Components Data Source'!F26 -> GRAPHICAL LIBRARY | G26: ='Components Data Source'!G26 -> 0 | H26: ='Components Data Source'!H26 -> 0 | ... L26: ='Components Data Source'!L26 -> 0 | M26: N | N26: =HYPERLINK('Components Data Source'!M26) -> https://www.flowcode.co.uk/wiki/index.php?title=Component:_ID_52dd90bd_fec9_4ee5_934c_e4b2297168a5 | O26: Y | Q26: =IF(L26=1,IF(K26=1,"",1),"") | R26: Y | S26: Y | T26: N | U26: Y | V26: None | W26: GLCD | X26: Y | Y26: Y | Z26: =IF(AND(R26="Y",Y26="Y"),1,IF(R26="N",2,IF(R26="",4,IF(Y26="A",3,0)))) -> 1 | AD26: Y | AE26: Y | AF26: A | AG26: Y | AI26: =VLOOKUP(B26,'Components Usage'!A$2:C$603,3,FALSE) -> 24 | AJ26: A
A27: ='Components Data Source'!A27 -> GLCD Bitmap Drawer FAT | B27: ='Components Data Source'!B27 -> B02B7C75-53CB-4BE4-871F-61BE633D898C | C27: ='Components Data Source'!C27 -> BitmapDrawerFAT.fcpx | D27: ='Components Data Source'!D27 -> Components\IO_Source\displays\GLCD_Draw_Bitmap_FAT.fcfx | E27: ='Components Data Source'!E27 -> STORAGE | F27: ='Components Data Source'!F27 -> GRAPHICAL LIBRARY | G27: ='Components Data Source'!G27 -> 0 | H27: ='Components Data Source'!H27 -> 0 | ... L27: ='Components Data Source'!L27 -> 0 | M27: N | N27: =HYPERLINK('Components Data Source'!M27) -> https://www.flowcode.co.uk/wiki/index.php?title=Component:_ID_b02b7c75_53cb_4be4_871f_61be633d898c | O27: Y | Q27: =IF(L27=1,IF(K27=1,"",1),"") | R27: Y | S27: Y | T27: N | U27: Y | V27: None | W27: File | X27: Y | Y27: Y | Z27: =IF(AND(R27="Y",Y27="Y"),1,IF(R27="N",2,IF(R27="",4,IF(Y27="A",3,0)))) -> 1 | AD27: Y | AE27: Y | AF27: A | AG27: Y | AI27: =VLOOKUP(B27,'Components Usage'!A$2:C$603,3,FALSE) -> 8 | AJ27: A
A28: ='Components Data Source'!A28 -> Bluetooth v2 (EB024 Generic AT) | B28: ='Components Data Source'!B28 -> 76B3EB5C-2D23-4C8D-BDE8-505032BC886A | C28: ='Components Data Source'!C28 -> Bluetooth2.fcpx | D28: ='Components Data Source'!D28 -> Components\IO_Source\Bluetooth_V2.fcfx | E28: ='Components Data Source'!E28 -> COMMSB | F28: ='Components Data Source'!F28 -> WIRELESS | G28: ='Components Data Source'!G28 -> 0 | H28: ='Components Data Source'!H28 -> 0 | ... L28: ='Components Data Source'!L28 -> 0 | M28: N | N28: =HYPERLINK('Components Data Source'!M28) -> https://www.flowcode.co.uk/wiki/index.php?title=Component:_ID_76b3eb5c_2d23_4c8d_bde8_505032bc886a | O28: Y | Q28: =IF(L28=1,IF(K28=1,"",1),"") | R28: Y | S28: Y | T28: Y | U28: Y | V28: None | W28: UART | X28: Y | Y28: Y | Z28: =IF(AND(R28="Y",Y28="Y"),1,IF(R28="N",2,IF(R28="",4,IF(Y28="A",3,0)))) -> 1 | AB28: Changed injector ref within properties to API 15/6/21 | AD28: Y | AE28: Y | AF28: A | AG28: Y | AI28: =VLOOKUP(B28,'Components Usage'!A$2:C$603,3,FALSE) -> 0 | AJ28: A
A29: ='Components Data Source'!A29 -> Bluetooth(BL0170) | B29: ='Components Data Source'!B29 -> 5F9D5A58-6C01-4588-AFA0-DF4C01CE161A | C29: ='Components Data Source'!C29 -> BluetoothBL0170.fcpx | D29: ='Components Data Source'!D29 -> Components\IO_Source\EB2\EBlocks2_Bluetooth_RN4677_BL0170.fcfx | E29: ='Components Data Source'!E29 -> COMMSB | F29: ='Components Data Source'!F29 -> E-BLOCKS 2 | G29: ='Components Data Source'!G29 -> 0 | H29: ='Components Data Source'!H29 -> 0 | ... L29: ='Components Data Source'!L29 -> 0 | M29: N | N29: =HYPERLINK('Components Data Source'!M29) -> https://www.flowcode.co.uk/wiki/index.php?title=Component:_ID_5f9d5a58_6c01_4588_afa0_df4c01ce161a | O29: O | Q29: =IF(L29=1,IF(K29=1,"",1),"") | R29: Y | S29: Y | T29: Y | U29: Y | V29: None | W29: UART | X29: Y | Y29: Y | Z29: =IF(AND(R29="Y",Y29="Y"),1,IF(R29="N",2,IF(R29="",4,IF(Y29="A",3,0)))) -> 1 | AD29: Y | AE29: N | AF29: A | AG29: N | AI29: =VLOOKUP(B29,'Components Usage'!A$2:C$603,3,FALSE) -> 2 | AJ29: A
A30: ='Components Data Source'!A30 -> Bluetooth(RN4677) | B30: ='Components Data Source'!B30 -> 0C7DF3FC-A46F-4712-8CD3-77079978F4FC | C30: ='Components Data Source'!C30 -> BluetoothRN4677.fcpx | D30: ='Components Data Source'!D30 -> Components\IO_Source\Bluetooth_RN4677.fcfx | E30: ='Components Data Source'!E30 -> COMMSB | F30: ='Components Data Source'!F30 -> WIRELESS | G30: ='Components Data Source'!G30 -> 0 | H30: ='Components Data Source'!H30 -> 0 | ... L30: ='Components Data Source'!L30 -> 0 | M30: N | N30: =HYPERLINK('Components Data Source'!M30) -> https://www.flowcode.co.uk/wiki/index.php?title=Component:_ID_0c7df3fc_a46f_4712_8cd3_77079978f4fc | O30: Y | Q30: =IF(L30=1,IF(K30=1,"",1),"") | R30: Y | S30: Y | T30: Y | U30: Y | V30: None | W30: UART | X30: Y | Y30: Y | Z30: =IF(AND(R30="Y",Y30="Y"),1,IF(R30="N",2,IF(R30="",4,IF(Y30="A",3,0)))) -> 1 | AD30: Y | AE30: N | AF30: A | AG30: N | AI30: =VLOOKUP(B30,'Components Usage'!A$2:C$603,3,FALSE) -> 4 | AJ30: A
A31: ='Components Data Source'!A31 -> Bluetooth (HC05 / HC06) | B31: ='Components Data Source'!B31 -> A8DBE015-0985-4581-ABD5-1CC44F576FAB | C31: ='Components Data Source'!C31 -> Bluetooth_HC05.fcpx | D31: ='Components Data Source'!D31 -> Components\IO_Source\BTHC05.fcfx | E31: ='Components Data Source'!E31 -> COMMSB | F31: ='Components Data Source'!F31 -> WIRELESS | G31: ='Components Data Source'!G31 -> 0 | H31: ='Components Data Source'!H31 -> 0 | ... L31: ='Components Data Source'!L31 -> 0 | M31: N | N31: =HYPERLINK('Components Data Source'!M31) -> https://www.flowcode.co.uk/wiki/index.php?title=Component:_ID_a8dbe015_0985_4581_abd5_1cc44f576fab | O31: Y | P31: File | Q31: =IF(L31=1,IF(K31=1,"",1),"") | R31: Y | S31: Y | T31: Y | V31: None | W31: UART | X31: Y | Y31: Y | Z31: =IF(AND(R31="Y",Y31="Y"),1,IF(R31="N",2,IF(R31="",4,IF(Y31="A",3,0)))) -> 1 | AB31: Changed injector ref within properties to API 15/6/21 | AD31: Y | AE31: Y | AF31: N | AG31: Y | AI31: =VLOOKUP(B31,'Components Usage'!A$2:C$603,3,FALSE) -> 10 | AJ31: A
A32: ='Components Data Source'!A32 -> Bluetooth (ESP32 SPP) | B32: ='Components Data Source'!B32 -> 8BE2CE64-4860-468A-AA8A-EAC443274DA3 | C32: ='Components Data Source'!C32 -> Bluetooth_SPP_ESP32.fcpx | D32: ='Components Data Source'!D32 -> Components\IO_Source\Bluetooth_ESP32_SPP.fcfx | E32: ='Components Data Source'!E32 -> FREE | F32: ='Components Data Source'!F32 -> WIRELESS | G32: ='Components Data Source'!G32 -> 0 | H32: ='Components Data Source'!H32 -> 0 | ... L32: ='Components Data Source'!L32 -> 0 | M32: N | N32: =HYPERLINK('Components Data Source'!M32) -> https://www.flowcode.co.uk/wiki/index.php?title=Component:_ID_8be2ce64_4860_468a_aa8a_eac443274da3 | O32: Y | Q32: =IF(L32=1,IF(K32=1,"",1),"") | R32: Y | S32: Y | T32: Y | U32: Y | V32: None | W32: None | X32: Y | Y32: ? | Z32: =IF(AND(R32="Y",Y32="Y"),1,IF(R32="N",2,IF(R32="",4,IF(Y32="A",3,0)))) -> 0 | AA32: Y | AB32: No indicators were used. Is that correct? | AD32: Y | AE32: N | AF32: A | AG32: Y | AI32: =VLOOKUP(B32,'Components Usage'!A$2:C$603,3,FALSE) -> 27 | AJ32: A
A33: ='Components Data Source'!A33 -> Brushless Motor (Standard) | B33: ='Components Data Source'!B33 -> DC99E179-216F-4618-AEE7-3F5F87541A9D | C33: ='Components Data Source'!C33 -> BrushlessMotor.fcpx | D33: ='Components Data Source'!D33 -> Components\IO_Source\mechatronics\BrushlessMotor.fcfx | E33: ='Components Data Source'!E33 -> MECHATRONICS | F33: ='Components Data Source'!F33 -> 0 | G33: ='Components Data Source'!G33 -> 0 | H33: ='Components Data Source'!H33 -> 0 | ... L33: ='Components Data Source'!L33 -> 0 | M33: N | N33: =HYPERLINK('Components Data Source'!M33) -> https://www.flowcode.co.uk/wiki/index.php?title=Component:_ID_dc99e179_216f_4618_aee7_3f5f87541a9d | O33: Y | P33: Confusing . Why examples for keypad? | Q33: =IF(L33=1,IF(K33=1,"",1),"") | R33: N | V33: Select | W33: Select | Z33: =IF(AND(R33="Y",Y33="Y"),1,IF(R33="N",2,IF(R33="",4,IF(Y33="A",3,0)))) -> 2 | AD33: N | AF33: N | AG33: N | AI33: =VLOOKUP(B33,'Components Usage'!A$2:C$603,3,FALSE) -> 3
A34: ='Components Data Source'!A34 -> Bubble Chart | B34: ='Components Data Source'!B34 -> 5D52E8A2-F248-4318-A0AC-E7B9503237CF | C34: ='Components Data Source'!C34 -> BubbleChart.fcpx | D34: ='Components Data Source'!D34 -> Components\IO_Source\2dGDI\ChartBubble.fcfx | E34: ='Components Data Source'!E34 -> FREE | F34: ='Components Data Source'!F34 -> CHARTS | G34: ='Components Data Source'!G34 -> CHARTS | H34: ='Components Data Source'!H34 -> 0 | ... L34: ='Components Data Source'!L34 -> 1 | M34: N | N34: =HYPERLINK('Components Data Source'!M34) -> https://www.flowcode.co.uk/wiki/index.php?title=Component:_ID_5d52e8a2_f248_4318_a0ac_e7b9503237cf | O34: Y | Q34: =IF(L34=1,IF(K34=1,"",1),"") | R34: N | V34: Select | W34: Select | Z34: =IF(AND(R34="Y",Y34="Y"),1,IF(R34="N",2,IF(R34="",4,IF(Y34="A",3,0)))) -> 2 | AD34: N | AF34: N | AG34: N | AI34: =VLOOKUP(B34,'Components Usage'!A$2:C$603,3,FALSE) -> 0
A35: ='Components Data Source'!A35 -> Buzzer | B35: ='Components Data Source'!B35 -> 04BBD3B8-EE11-40EB-91E8-1BBBD6F65B8C | C35: ='Components Data Source'!C35 -> Buzzer.fcpx | D35: ='Components Data Source'!D35 -> Components\IO_Source\outputs\Buzzer.fcfx | E35: ='Components Data Source'!E35 -> BASICIO | F35: ='Components Data Source'!F35 -> AUDIO OUTPUT | G35: ='Components Data Source'!G35 -> 0 | H35: ='Components Data Source'!H35 -> 0 | ... L35: ='Components Data Source'!L35 -> 0 | M35: N | N35: =HYPERLINK('Components Data Source'!M35) -> https://www.flowcode.co.uk/wiki/index.php?title=Component:_ID_04bbd3b8_ee11_40eb_91e8_1bbbd6f65b8c | O35: Y | Q35: =IF(L35=1,IF(K35=1,"",1),"") | R35: Y | S35: Y | T35: N | U35: N | V35: None | W35: None | X35: Y | Y35: Y | Z35: =IF(AND(R35="Y",Y35="Y"),1,IF(R35="N",2,IF(R35="",4,IF(Y35="A",3,0)))) -> 1 | AD35: Y | AE35: N | AF35: Y | AG35: Y | AI35: =VLOOKUP(B35,'Components Usage'!A$2:C$603,3,FALSE) -> 79 | AJ35: Y
A36: ='Components Data Source'!A36 -> CAN (Internal MCP2515) | B36: ='Components Data Source'!B36 -> DA332928-6342-4C2C-AFC7-EAF33917D33E | C36: ='Components Data Source'!C36 -> CAN.fcpx | D36: ='Components Data Source'!D36 -> Components\IO_Source\CAN.fcfx | E36: ='Components Data Source'!E36 -> COMMSA | F36: ='Components Data Source'!F36 -> COMMS: INTERFACE | G36: ='Components Data Source'!G36 -> COMMS: INTERFACE | H36: ='Components Data Source'!H36 -> 0 | ... L36: ='Components Data Source'!L36 -> 1 | M36: N | N36: =HYPERLINK('Components Data Source'!M36) -> https://www.flowcode.co.uk/wiki/index.php?title=Component:_ID_da332928_6342_4c2c_afc7_eaf33917d33e | O36: Y | Q36: =IF(L36=1,IF(K36=1,"",1),"") | R36: Y | S36: Y | T36: Y | U36: Y | V36: None | W36: SPI | X36: Y | Y36: Y | Z36: =IF(AND(R36="Y",Y36="Y"),1,IF(R36="N",2,IF(R36="",4,IF(Y36="A",3,0)))) -> 1 | AD36: Y | AE36: Y | AF36: Y | AG36: Y | AI36: =VLOOKUP(B36,'Components Usage'!A$2:C$603,3,FALSE) -> 67 | AJ36: A
A37: ='Components Data Source'!A37 -> CNC Machine | B37: ='Components Data Source'!B37 -> 93252F96-A8E5-4D65-8C40-11614BB15B52 | C37: ='Components Data Source'!C37 -> CNCMachine.fcpx | D37: ='Components Data Source'!D37 -> Components\IO_Source\mechatronics\Electro Mechanical\CNC Source Files\CNCComponent_v002.fcfx | E37: ='Components Data Source'!E37 -> MODELS | F37: ='Components Data Source'!F37 -> SCENARIOS | G37: ='Components Data Source'!G37 -> 0 | H37: ='Components Data Source'!H37 -> 0 | ... L37: ='Components Data Source'!L37 -> 0 | M37: N | N37: =HYPERLINK('Components Data Source'!M37) -> https://www.flowcode.co.uk/wiki/index.php?title=Component:_ID_93252f96_a8e5_4d65_8c40_11614bb15b52 | O37: Y | Q37: =IF(L37=1,IF(K37=1,"",1),"") | R37: N | V37: Select | W37: Select | Z37: =IF(AND(R37="Y",Y37="Y"),1,IF(R37="N",2,IF(R37="",4,IF(Y37="A",3,0)))) -> 2 | AD37: Y | AE37: Y | AF37: A | AG37: Link to a worksheet | AI37: =VLOOKUP(B37,'Components Usage'!A$2:C$603,3,FALSE) -> 3 | AJ37: A
A38: ='Components Data Source'!A38 -> COM Port | B38: ='Components Data Source'!B38 -> CBB3C28E-2D73-4442-AC52-23A3B45D9870 | C38: ='Components Data Source'!C38 -> COMPort.fcpx | D38: ='Components Data Source'!D38 -> Components\IO_Source\Serial_DLL.fcfx | E38: ='Components Data Source'!E38 -> FREE | F38: ='Components Data Source'!F38 -> RUNTIME TOOLS | G38: ='Components Data Source'!G38 -> COMMS: INTERFACE | H38: ='Components Data Source'!H38 -> 0 | ... L38: ='Components Data Source'!L38 -> 1 | M38: N | N38: =HYPERLINK('Components Data Source'!M38) -> https://www.flowcode.co.uk/wiki/index.php?title=Component:_ID_cbb3c28e_2d73_4442_ac52_23a3b45d9870 | O38: Y | Q38: =IF(L38=1,IF(K38=1,"",1),"") | R38: Y | S38: Y | T38: Y | U38: Y | V38: None | W38: None | X38: Y | Y38: Y | Z38: =IF(AND(R38="Y",Y38="Y"),1,IF(R38="N",2,IF(R38="",4,IF(Y38="A",3,0)))) -> 1 | AD38: Y | AE38: Y | AF38: A | AG38: Y | AI38: =VLOOKUP(B38,'Components Usage'!A$2:C$603,3,FALSE) -> 39 | AJ38: Y
A39: ='Components Data Source'!A39 -> CSV Read/Write | B39: ='Components Data Source'!B39 -> 7D0C33A1-0AAA-4250-84BB-F96FC113ABAC | C39: ='Components Data Source'!C39 -> CSV_Writer.fcpx | D39: ='Components Data Source'!D39 -> Components\IO_Source\SCADA\CSV_Writer.fcfx | E39: ='Components Data Source'!E39 -> FREE | F39: ='Components Data Source'!F39 -> RUNTIME TOOLS | G39: ='Components Data Source'!G39 -> STORAGE | H39: ='Components Data Source'!H39 -> 0 | ... L39: ='Components Data Source'!L39 -> 1 | M39: N | N39: =HYPERLINK('Components Data Source'!M39) -> https://www.flowcode.co.uk/wiki/index.php?title=Component:_ID_7d0c33a1_0aaa_4250_84bb_f96fc113abac | O39: Y | Q39: =IF(L39=1,IF(K39=1,"",1),"") | R39: Y | S39: Y | T39: N | U39: Y | V39: None | W39: None | X39: Y | Y39: Y | Z39: =IF(AND(R39="Y",Y39="Y"),1,IF(R39="N",2,IF(R39="",4,IF(Y39="A",3,0)))) -> 1 | AD39: Y | AE39: Y | AF39: A | AG39: Y | AI39: =VLOOKUP(B39,'Components Usage'!A$2:C$603,3,FALSE) -> 15 | AJ39: A
A40: ='Components Data Source'!A40 -> Car Seat | B40: ='Components Data Source'!B40 -> FDE30DE0-35ED-40CA-937A-88DA6409C1D2 | C40: ='Components Data Source'!C40 -> CarSeat.fcpx | D40: ='Components Data Source'!D40 -> Components\IO_Source\mechatronics\Electro Mechanical\Car Seat Source Files\CarSeatSource_v004.fcfx | E40: ='Components Data Source'!E40 -> MODELS | F40: ='Components Data Source'!F40 -> SCENARIOS | G40: ='Components Data Source'!G40 -> 0 | H40: ='Components Data Source'!H40 -> 0 | ... L40: ='Components Data Source'!L40 -> 0 | M40: N | N40: =HYPERLINK('Components Data Source'!M40) -> https://www.flowcode.co.uk/wiki/index.php?title=Component:_ID_fde30de0_35ed_40ca_937a_88da6409c1d2 | O40: Y | Q40: =IF(L40=1,IF(K40=1,"",1),"") | R40: N | V40: Select | W40: Select | Z40: =IF(AND(R40="Y",Y40="Y"),1,IF(R40="N",2,IF(R40="",4,IF(Y40="A",3,0)))) -> 2 | AD40: Y | AE40: Y | AF40: N | AG40: Y | AI40: =VLOOKUP(B40,'Components Usage'!A$2:C$603,3,FALSE) -> 1 | AJ40: A
A41: ='Components Data Source'!A41 -> XY Chart | B41: ='Components Data Source'!B41 -> 0187D13D-8822-4E75-AB22-474C7058EBE4 | C41: ='Components Data Source'!C41 -> Chart_XY.fcpx | D41: ='Components Data Source'!D41 -> Components\IO_Source\2dGDI\ChartXY.fcfx | E41: ='Components Data Source'!E41 -> FREE | F41: ='Components Data Source'!F41 -> CHARTS | G41: ='Components Data Source'!G41 -> CHARTS | H41: ='Components Data Source'!H41 -> 0 | ... L41: ='Components Data Source'!L41 -> 1 | M41: N | N41: =HYPERLINK('Components Data Source'!M41) -> https://www.flowcode.co.uk/wiki/index.php?title=Component:_ID_0187d13d_8822_4e75_ab22_474c7058ebe4 | O41: Y | Q41: =IF(L41=1,IF(K41=1,"",1),"") | R41: N | V41: Select | W41: Select | Z41: =IF(AND(R41="Y",Y41="Y"),1,IF(R41="N",2,IF(R41="",4,IF(Y41="A",3,0)))) -> 2 | AD41: N | AE41: N | AF41: A | AG41: Y | AI41: =VLOOKUP(B41,'Components Usage'!A$2:C$603,3,FALSE) -> 36
A42: ='Components Data Source'!A42 -> Target Chip | B42: ='Components Data Source'!B42 -> 3D632CD0-B8CB-4CA0-8F7A-59F88AC02FA3 | C42: ='Components Data Source'!C42 -> ChipComponent.fcpx | D42: ='Components Data Source'!D42 -> Components\IO_Source\ChipComponent.fcfx | E42: ='Components Data Source'!E42 -> FREE | F42: ='Components Data Source'!F42 -> ADVANCED SHAPES | G42: ='Components Data Source'!G42 -> 0 | H42: ='Components Data Source'!H42 -> 0 | ... L42: ='Components Data Source'!L42 -> 0 | M42: N | N42: =HYPERLINK('Components Data Source'!M42) -> https://www.flowcode.co.uk/wiki/index.php?title=Component:_ID_3d632cd0_b8cb_4ca0_8f7a_59f88ac02fa3 | O42: Y | Q42: =IF(L42=1,IF(K42=1,"",1),"") | R42: N | V42: Select | W42: Select | Z42: =IF(AND(R42="Y",Y42="Y"),1,IF(R42="N",2,IF(R42="",4,IF(Y42="A",3,0)))) -> 2 | AD42: Y | AE42: Y | AF42: A | AG42: A | AI42: =VLOOKUP(B42,'Components Usage'!A$2:C$603,3,FALSE) -> 24
A43: ='Components Data Source'!A43 -> Circular Buffer (8-bit) | B43: ='Components Data Source'!B43 -> C34F9B8A-A915-4F75-AD0C-87F2AD670A8A | C43: ='Components Data Source'!C43 -> CircularBuffer.fcpx | D43: ='Components Data Source'!D43 -> Components\IO_Source\Storage\CircularBuffer.fcfx | E43: ='Components Data Source'!E43 -> FREE | F43: ='Components Data Source'!F43 -> STORAGE | G43: ='Components Data Source'!G43 -> STORAGE | H43: ='Components Data Source'!H43 -> 0 | ... L43: ='Components Data Source'!L43 -> 1 | M43: N | N43: =HYPERLINK('Components Data Source'!M43) -> https://www.flowcode.co.uk/wiki/index.php?title=Component:_ID_c34f9b8a_a915_4f75_ad0c_87f2ad670a8a | O43: Y | P43: Was 'N' Fixed MW | Q43: =IF(L43=1,IF(K43=1,"",1),"") | R43: Y | S43: Y | T43: Y | U43: Y | V43: None | W43: None | X43: Y | Y43: Y | Z43: =IF(AND(R43="Y",Y43="Y"),1,IF(R43="N",2,IF(R43="",4,IF(Y43="A",3,0)))) -> 1 | AD43: Y | AE43: Y | AF43: A | AG43: Y | AI43: =VLOOKUP(B43,'Components Usage'!A$2:C$603,3,FALSE) -> 134 | AJ43: Y
A44: ='Components Data Source'!A44 -> Circular Buffer (16-bit) | B44: ='Components Data Source'!B44 -> 201D99F7-ACF8-481D-A703-61860C2BA3EA | C44: ='Components Data Source'!C44 -> CircularBuffer16.fcpx | D44: ='Components Data Source'!D44 -> Components\IO_Source\Storage\CircularBuffer16.fcfx | E44: ='Components Data Source'!E44 -> STORAGE | F44: ='Components Data Source'!F44 -> STORAGE | G44: ='Components Data Source'!G44 -> STORAGE | H44: ='Components Data Source'!H44 -> 0 | ... L44: ='Components Data Source'!L44 -> 1 | M44: N | N44: =HYPERLINK('Components Data Source'!M44) -> https://www.flowcode.co.uk/wiki/index.php?title=Component:_ID_201d99f7_acf8_481d_a703_61860c2ba3ea | O44: Y | P44: Was 'N' Fixed MW | Q44: =IF(L44=1,IF(K44=1,"",1),"") | R44: Y | S44: Y | T44: N (not yet) | U44: Y | V44: None | W44: None | X44: Y | Y44: Y | Z44: =IF(AND(R44="Y",Y44="Y"),1,IF(R44="N",2,IF(R44="",4,IF(Y44="A",3,0)))) -> 1 | AD44: Y | AE44: N | AF44: A | AG44: N | AI44: =VLOOKUP(B44,'Components Usage'!A$2:C$603,3,FALSE) -> 1 | AJ44: A
A45: ='Components Data Source'!A45 -> Circular Buffer (Float) | B45: ='Components Data Source'!B45 -> ED491C82-9F85-4627-93CE-D2B588352539 | C45: ='Components Data Source'!C45 -> CircularBufferFloat.fcpx | D45: ='Components Data Source'!D45 -> Components\IO_Source\Storage\CircularBufferFloat.fcfx | E45: ='Components Data Source'!E45 -> STORAGE | F45: ='Components Data Source'!F45 -> STORAGE | G45: ='Components Data Source'!G45 -> STORAGE | H45: ='Components Data Source'!H45 -> 0 | ... L45: ='Components Data Source'!L45 -> 1 | M45: N | N45: =HYPERLINK('Components Data Source'!M45) -> https://www.flowcode.co.uk/wiki/index.php?title=Component:_ID_ed491c82_9f85_4627_93ce_d2b588352539 | O45: Y | Q45: =IF(L45=1,IF(K45=1,"",1),"") | R45: Y | S45: Y | V45: None | W45: None | X45: Y | Y45: Y | Z45: =IF(AND(R45="Y",Y45="Y"),1,IF(R45="N",2,IF(R45="",4,IF(Y45="A",3,0)))) -> 1 | AD45: Y | AE45: N | AF45: A | AG45: N | AI45: =VLOOKUP(B45,'Components Usage'!A$2:C$603,3,FALSE) -> 0 | AJ45: A
A46: ='Components Data Source'!A46 -> Circular Gauge | B46: ='Components Data Source'!B46 -> 995FA4F2-71CE-4D91-AA62-87F731AE7E7D | C46: ='Components Data Source'!C46 -> CircularGauge.fcpx | D46: ='Components Data Source'!D46 -> Components\IO_Source\2dGDI\CircularGauge.fcfx | E46: ='Components Data Source'!E46 -> FREE | F46: ='Components Data Source'!F46 -> INDICATORS | G46: ='Components Data Source'!G46 -> INDICATORS | H46: ='Components Data Source'!H46 -> 0 | ... L46: ='Components Data Source'!L46 -> 1 | M46: N | N46: =HYPERLINK('Components Data Source'!M46) -> https://www.flowcode.co.uk/wiki/index.php?title=Component:_ID_995fa4f2_71ce_4d91_aa62_87f731ae7e7d | O46: Y | Q46: =IF(L46=1,IF(K46=1,"",1),"") | R46: N | V46: Select | W46: Select | Z46: =IF(AND(R46="Y",Y46="Y"),1,IF(R46="N",2,IF(R46="",4,IF(Y46="A",3,0)))) -> 2 | AD46: Y | AE46: N | AF46: A | AG46: N | AI46: =VLOOKUP(B46,'Components Usage'!A$2:C$603,3,FALSE) -> 27 | AJ46: A
A47: ='Components Data Source'!A47 -> Circular Knob | B47: ='Components Data Source'!B47 -> A11AA47B-7C82-4DAD-B62D-B1A263E2A4FE | C47: ='Components Data Source'!C47 -> CircularKnob.fcpx | D47: ='Components Data Source'!D47 -> Components\IO_Source\2dGDI\CircularKnob.fcfx | E47: ='Components Data Source'!E47 -> FREE | F47: ='Components Data Source'!F47 -> CONTROLS | G47: ='Components Data Source'!G47 -> CONTROLS | H47: ='Components Data Source'!H47 -> 0 | ... L47: ='Components Data Source'!L47 -> 1 | M47: N | N47: =HYPERLINK('Components Data Source'!M47) -> https://www.flowcode.co.uk/wiki/index.php?title=Component:_ID_a11aa47b_7c82_4dad_b62d_b1a263e2a4fe | O47: Y | P47: Was 'N' Fixed MW (Page was deleted) | Q47: =IF(L47=1,IF(K47=1,"",1),"") | R47: N | V47: Select | W47: Select | Z47: =IF(AND(R47="Y",Y47="Y"),1,IF(R47="N",2,IF(R47="",4,IF(Y47="A",3,0)))) -> 2 | AD47: Y | AE47: N | AF47: A | AG47: Y | AI47: =VLOOKUP(B47,'Components Usage'!A$2:C$603,3,FALSE) -> 11 | AJ47: Y
A48: ='Components Data Source'!A48 -> Colour Sensor(TCS3200) | B48: ='Components Data Source'!B48 -> D8B85F99-8DE3-41DD-9BAB-F8BFC19E74AF | C48: ='Components Data Source'!C48 -> ColourSensor_TCS3200.fcpx | D48: ='Components Data Source'!D48 -> Components\IO_Source\Sensors\Colour_TCS3200.fcfx | E48: ='Components Data Source'!E48 -> SENSORS | F48: ='Components Data Source'!F48 -> LIGHT | G48: ='Components Data Source'!G48 -> 0 | H48: ='Components Data Source'!H48 -> 0 | ... L48: ='Components Data Source'!L48 -> 0 | M48: N | N48: =HYPERLINK('Components Data Source'!M48) -> https://www.flowcode.co.uk/wiki/index.php?title=Component:_ID_d8b85f99_8de3_41dd_9bab_f8bfc19e74af | O48: Y | Q48: =IF(L48=1,IF(K48=1,"",1),"") | R48: N | V48: None | W48: None | Z48: =IF(AND(R48="Y",Y48="Y"),1,IF(R48="N",2,IF(R48="",4,IF(Y48="A",3,0)))) -> 2 | AD48: Y | AE48: Y | AF48: N | AG48: N | AI48: =VLOOKUP(B48,'Components Usage'!A$2:C$603,3,FALSE) -> 0 | AJ48: A
A49: ='Components Data Source'!A49 -> Column Chart | B49: ='Components Data Source'!B49 -> BA8897FE-8349-47B3-9072-E823E74131AF | C49: ='Components Data Source'!C49 -> ColumnChart.fcpx | D49: ='Components Data Source'!D49 -> Components\IO_Source\2dGDI\ChartColumn.fcfx | E49: ='Components Data Source'!E49 -> FREE | F49: ='Components Data Source'!F49 -> CHARTS | G49: ='Components Data Source'!G49 -> CHARTS | H49: ='Components Data Source'!H49 -> 0 | ... L49: ='Components Data Source'!L49 -> 1 | M49: N | N49: =HYPERLINK('Components Data Source'!M49) -> https://www.flowcode.co.uk/wiki/index.php?title=Component:_ID_ba8897fe_8349_47b3_9072_e823e74131af | O49: Y | Q49: =IF(L49=1,IF(K49=1,"",1),"") | R49: N | V49: Select | W49: Select | Z49: =IF(AND(R49="Y",Y49="Y"),1,IF(R49="N",2,IF(R49="",4,IF(Y49="A",3,0)))) -> 2 | AD49: N | AF49: A | AG49: N | AI49: =VLOOKUP(B49,'Components Usage'!A$2:C$603,3,FALSE) -> 7
A50: ='Components Data Source'!A50 -> Combo Board(EB083) | B50: ='Components Data Source'!B50 -> 9A7D4E50-8D7E-4C5E-9A93-7948AB47EDAD | C50: ='Components Data Source'!C50 -> ComboBoard.fcpx | D50: ='Components Data Source'!D50 -> Components\IO_Source\ComboBoard\EB086 DEMO.fcfx | E50: ='Components Data Source'!E50 -> FREE | F50: ='Components Data Source'!F50 -> E-BLOCKS 1 | G50: ='Components Data Source'!G50 -> 0 | H50: ='Components Data Source'!H50 -> 0 | ... L50: ='Components Data Source'!L50 -> 0 | M50: N | N50: =HYPERLINK('Components Data Source'!M50) -> https://www.flowcode.co.uk/wiki/index.php?title=Component:_ID_9a7d4e50_8d7e_4c5e_9a93_7948ab47edad | O50: I | P50: Example links not working & Old type. Low Prioriy | Q50: =IF(L50=1,IF(K50=1,"",1),"") | R50: N | V50: Select | W50: Select | Z50: =IF(AND(R50="Y",Y50="Y"),1,IF(R50="N",2,IF(R50="",4,IF(Y50="A",3,0)))) -> 2 | AB50: Combo board is EB083 not EB086 | AD50: Y | AE50: Y | AF50: A | AG50: File Links not working | AI50: =VLOOKUP(B50,'Components Usage'!A$2:C$603,3,FALSE) -> 12 | AJ50: A
A51: ='Components Data Source'!A51 -> Combo(BL0114) | B51: ='Components Data Source'!B51 -> D4C04AC8-BBCD-4981-8CE6-9D6C9BB1E26A | C51: ='Components Data Source'!C51 -> ComboBoardBL0114.fcpx | D51: ='Components Data Source'!D51 -> Components\IO_Source\EB2\EBlocks2_COMBO_BL0114.fcfx | E51: ='Components Data Source'!E51 -> FREE | F51: ='Components Data Source'!F51 -> E-BLOCKS 2 | G51: ='Components Data Source'!G51 -> 0 | H51: ='Components Data Source'!H51 -> 0 | ... L51: ='Components Data Source'!L51 -> 0 | M51: N | N51: =HYPERLINK('Components Data Source'!M51) -> https://www.flowcode.co.uk/wiki/index.php?title=Component:_ID_d4c04ac8_bbcd_4981_8ce6_9d6c9bb1e26a | O51: O | Q51: =IF(L51=1,IF(K51=1,"",1),"") | R51: N | V51: Select | W51: Select | Z51: =IF(AND(R51="Y",Y51="Y"),1,IF(R51="N",2,IF(R51="",4,IF(Y51="A",3,0)))) -> 2 | AB51: Bug- LCD_RAMWrite not working correctly (it is with 2x 20 LCD) Instead of 1st number being row 0, it is coloumn 0 | AD51: Y | AE51: N | AF51: A | AG51: N | AI51: =VLOOKUP(B51,'Components Usage'!A$2:C$603,3,FALSE) -> 61 | AJ51: A
A52: ='Components Data Source'!A52 -> Panel Console Viewer | B52: ='Components Data Source'!B52 -> 06DB27A4-C20A-4371-B05E-7CDB55556859 | C52: ='Components Data Source'!C52 -> ConsoleTextViewer.fcpx | D52: ='Components Data Source'!D52 -> Components\IO_Source\SCADA\ConsoleText.fcfx | E52: ='Components Data Source'!E52 -> FREE | F52: ='Components Data Source'!F52 -> RUNTIME TOOLS | G52: ='Components Data Source'!G52 -> INDICATORS | H52: ='Components Data Source'!H52 -> 0 | ... L52: ='Components Data Source'!L52 -> 1 | M52: N | N52: =HYPERLINK('Components Data Source'!M52) -> https://www.flowcode.co.uk/wiki/index.php?title=Component:_ID_06db27a4_c20a_4371_b05e_7cdb55556859 | O52: Y | Q52: =IF(L52=1,IF(K52=1,"",1),"") | R52: N | V52: Select | W52: Select | Z52: =IF(AND(R52="Y",Y52="Y"),1,IF(R52="N",2,IF(R52="",4,IF(Y52="A",3,0)))) -> 2 | AA52: N | AB52: There are two Panel Console Viewers (See row 107). This one is the current version, the other is old and now not supported / hidden | AD52: Y | AE52: N | AF52: A | AG52: N | AI52: =VLOOKUP(B52,'Components Usage'!A$2:C$603,3,FALSE) -> 0 | AJ52: A
A53: ='Components Data Source'!A53 -> Console Writer | B53: ='Components Data Source'!B53 -> 940E39A6-D035-4E43-8DBB-455EE4679066 | C53: ='Components Data Source'!C53 -> ConsoleWriter.fcpx | D53: ='Components Data Source'!D53 -> Components\IO_Source\SCADA\ConsoleWriter.fcfx | E53: ='Components Data Source'!E53 -> FREE | F53: ='Components Data Source'!F53 -> INDICATORS | G53: ='Components Data Source'!G53 -> INDICATORS | H53: ='Components Data Source'!H53 -> 0 | ... L53: ='Components Data Source'!L53 -> 1 | M53: N | N53: =HYPERLINK('Components Data Source'!M53) -> https://www.flowcode.co.uk/wiki/index.php?title=Component:_ID_940e39a6_d035_4e43_8dbb_455ee4679066 | O53: Y | Q53: =IF(L53=1,IF(K53=1,"",1),"") | R53: Y | S53: Y | T53: N | U53: Y | V53: None | W53: None | X53: Y | Y53: Y | Z53: =IF(AND(R53="Y",Y53="Y"),1,IF(R53="N",2,IF(R53="",4,IF(Y53="A",3,0)))) -> 1 | AD53: Y | AE53: N | AF53: A | AG53: Y | AI53: =VLOOKUP(B53,'Components Usage'!A$2:C$603,3,FALSE) -> 25 | AJ53: A
A54: ='Components Data Source'!A54 -> Control | B54: ='Components Data Source'!B54 -> BD23228F-B173-4135-AB3B-A4C3C4CAA7A8 | C54: ='Components Data Source'!C54 -> Control.fcpx | D54: ='Components Data Source'!D54 -> Components\IO_Source\Control_ComponentSource.fcsx | E54: ='Components Data Source'!E54 -> FREE | F54: ='Components Data Source'!F54 -> ALLCODE | G54: ='Components Data Source'!G54 -> 0 | H54: ='Components Data Source'!H54 -> 0 | ... L54: ='Components Data Source'!L54 -> 1 | M54: N | N54: =HYPERLINK('Components Data Source'!M54) -> https://www.flowcode.co.uk/wiki/index.php?title=Component:_ID_bd23228f_b173_4135_ab3b_a4c3c4caa7a8 | O54: A | Q54: =IF(L54=1,IF(K54=1,"",1),"") -> 1 | R54: N | S54: N | V54: Select | W54: Select | Z54: =IF(AND(R54="Y",Y54="Y"),1,IF(R54="N",2,IF(R54="",4,IF(Y54="A",3,0)))) -> 2 | AD54: N | AF54: A | AG54: N | AI54: =VLOOKUP(B54,'Components Usage'!A$2:C$603,3,FALSE) -> 5
A55: ='Components Data Source'!A55 -> Coupling | B55: ='Components Data Source'!B55 -> 83C095CC-FEFC-4854-A7C5-7FE867753BF4 | C55: ='Components Data Source'!C55 -> Coupling.fcpx | D55: ='Components Data Source'!D55 -> Components\IO_Source\mechatronics\Coupling.fcfx | E55: ='Components Data Source'!E55 -> MECHATRONICS | F55: ='Components Data Source'!F55 -> MECHATRONICS | G55: ='Components Data Source'!G55 -> 0 | H55: ='Components Data Source'!H55 -> 0 | ... L55: ='Components Data Source'!L55 -> 0 | M55: N | N55: =HYPERLINK('Components Data Source'!M55) -> https://www.flowcode.co.uk/wiki/index.php?title=Component:_ID_83c095cc_fefc_4854_a7c5_7fe867753bf4 | O55: Y | Q55: =IF(L55=1,IF(K55=1,"",1),"") | R55: N | V55: Select | W55: Select | Z55: =IF(AND(R55="Y",Y55="Y"),1,IF(R55="N",2,IF(R55="",4,IF(Y55="A",3,0)))) -> 2 | AD55: Y | AE55: N | AF55: A | AG55: N | AI55: =VLOOKUP(B55,'Components Usage'!A$2:C$603,3,FALSE) -> 0 | AJ55: A
A56: ='Components Data Source'!A56 -> Curiosity PCB | B56: ='Components Data Source'!B56 -> 8D419CD0-3404-4BEE-8049-22ACCC2C815B | C56: ='Components Data Source'!C56 -> CuriosityPCB.fcpx | D56: ='Components Data Source'!D56 -> Components\IO_Source\PCBs\CuriosityComponentPCBSource.fcfx | E56: ='Components Data Source'!E56 -> FREE | F56: ='Components Data Source'!F56 -> MISC | G56: ='Components Data Source'!G56 -> 0 | H56: ='Components Data Source'!H56 -> 0 | ... L56: ='Components Data Source'!L56 -> 0 | M56: N | N56: =HYPERLINK('Components Data Source'!M56) -> https://www.flowcode.co.uk/wiki/index.php?title=Component:_ID_8d419cd0_3404_4bee_8049_22accc2c815b | O56: I | P56: No component icon Example Link Broken | Q56: =IF(L56=1,IF(K56=1,"",1),"") | R56: Q | V56: Select | W56: Select | Z56: =IF(AND(R56="Y",Y56="Y"),1,IF(R56="N",2,IF(R56="",4,IF(Y56="A",3,0)))) -> 0 | AB56: Bug - No componet icon | AD56: Y | AE56: Y | AF56: A | AG56: File Links not working | AI56: =VLOOKUP(B56,'Components Usage'!A$2:C$603,3,FALSE) -> 0 | AJ56: A
A57: ='Components Data Source'!A57 -> DSP Audio Output (EB086) | B57: ='Components Data Source'!B57 -> E83923B3-994A-41C9-B277-5B107AB6E1DD | C57: ='Components Data Source'!C57 -> DAC_EB086.fcpx | D57: ='Components Data Source'!D57 -> Components\IO_Source\outputs\DAC_AD5662_EB086.fcfx | E57: ='Components Data Source'!E57 -> COMMSA | F57: ='Components Data Source'!F57 -> E-BLOCKS 1 | G57: ='Components Data Source'!G57 -> 0 | H57: ='Components Data Source'!H57 -> 0 | ... L57: ='Components Data Source'!L57 -> 0 | M57: N | N57: =HYPERLINK('Components Data Source'!M57) -> https://www.flowcode.co.uk/wiki/index.php?title=Component:_ID_e83923b3_994a_41c9_b277_5b107ab6e1dd | O57: O | Q57: =IF(L57=1,IF(K57=1,"",1),"") | R57: Y | S57: Y | T57: Y | U57: Y | V57: None | W57: SPI | X57: Y | Y57: Y | Z57: =IF(AND(R57="Y",Y57="Y"),1,IF(R57="N",2,IF(R57="",4,IF(Y57="A",3,0)))) -> 1 | AD57: Y | AE57: N | AF57: ? | AG57: N | AI57: =VLOOKUP(B57,'Components Usage'!A$2:C$603,3,FALSE) -> 13 | AJ57: A
A58: ='Components Data Source'!A58 -> DAC (MCP4725) | B58: ='Components Data Source'!B58 -> E78D88A0-E132-4F82-988D-59353009B669 | C58: ='Components Data Source'!C58 -> DAC_MCP4725.fcpx | D58: ='Components Data Source'!D58 -> Components\IO_Source\outputs\DAC_MCP4725.fcfx | E58: ='Components Data Source'!E58 -> COMMSA | F58: ='Components Data Source'!F58 -> ANALOG OUTPUT | G58: ='Components Data Source'!G58 -> 0 | H58: ='Components Data Source'!H58 -> 0 | ... L58: ='Components Data Source'!L58 -> 0 | M58: N | N58: =HYPERLINK('Components Data Source'!M58) -> https://www.flowcode.co.uk/wiki/index.php?title=Component:_ID_e78d88a0_e132_4f82_988d_59353009b669 | O58: Y | Q58: =IF(L58=1,IF(K58=1,"",1),"") | R58: Y | S58: Y | T58: Y | U58: Y | V58: None | W58: I2C | X58: Y | Y58: Y | Z58: =IF(AND(R58="Y",Y58="Y"),1,IF(R58="N",2,IF(R58="",4,IF(Y58="A",3,0)))) -> 1 | AD58: N | AF58: N | AG58: N | AI58: =VLOOKUP(B58,'Components Usage'!A$2:C$603,3,FALSE) -> 0
A59: ='Components Data Source'!A59 -> DAC (MCP47x6) | B59: ='Components Data Source'!B59 -> 70A3BEAD-E66D-4A76-BC7B-FB1BAA86D2E6 | C59: ='Components Data Source'!C59 -> DAC_MCP47x6.fcpx | D59: ='Components Data Source'!D59 -> Components\IO_Source\outputs\DAC_MCP47x6.fcfx | E59: ='Components Data Source'!E59 -> COMMSA | F59: ='Components Data Source'!F59 -> ANALOG OUTPUT | G59: ='Components Data Source'!G59 -> 0 | H59: ='Components Data Source'!H59 -> 0 | ... L59: ='Components Data Source'!L59 -> 0 | M59: N | N59: =HYPERLINK('Components Data Source'!M59) -> https://www.flowcode.co.uk/wiki/index.php?title=Component:_ID_70a3bead_e66d_4a76_bc7b_fb1baa86d2e6 | O59: Y | Q59: =IF(L59=1,IF(K59=1,"",1),"") | R59: Y | S59: Y | T59: Y | U59: Y | V59: None | W59: I2C | X59: Y | Y59: Y | Z59: =IF(AND(R59="Y",Y59="Y"),1,IF(R59="N",2,IF(R59="",4,IF(Y59="A",3,0)))) -> 1 | AD59: Y | AE59: N | AF59: N | AG59: N | AI59: =VLOOKUP(B59,'Components Usage'!A$2:C$603,3,FALSE) -> 1 | AJ59: A
A60: ='Components Data Source'!A60 -> DAC (MCP48x1) | B60: ='Components Data Source'!B60 -> FAB5CF20-8686-4397-8A21-CC936659D5F6 | C60: ='Components Data Source'!C60 -> DAC_MCP48x1.fcpx | D60: ='Components Data Source'!D60 -> Components\IO_Source\outputs\DAC_MCP48x1.fcfx | E60: ='Components Data Source'!E60 -> COMMSA | F60: ='Components Data Source'!F60 -> ANALOG OUTPUT | G60: ='Components Data Source'!G60 -> 0 | H60: ='Components Data Source'!H60 -> 0 | ... L60: ='Components Data Source'!L60 -> 0 | M60: N | N60: =HYPERLINK('Components Data Source'!M60) -> https://www.flowcode.co.uk/wiki/index.php?title=Component:_ID_fab5cf20_8686_4397_8a21_cc936659d5f6 | O60: Y | Q60: =IF(L60=1,IF(K60=1,"",1),"") | R60: Y | S60: Y | T60: Y | U60: Y | V60: None | W60: SPI | X60: Y | Y60: Y | Z60: =IF(AND(R60="Y",Y60="Y"),1,IF(R60="N",2,IF(R60="",4,IF(Y60="A",3,0)))) -> 1 | AD60: Y | AE60: N | AF60: N | AG60: N | AI60: =VLOOKUP(B60,'Components Usage'!A$2:C$603,3,FALSE) -> 1 | AJ60: A
A61: ='Components Data Source'!A61 -> DAC (Internal) | B61: ='Components Data Source'!B61 -> 09222494-FBEF-455B-9651-9E9E46592EB5 | C61: ='Components Data Source'!C61 -> DAC_Output.fcpx | D61: ='Components Data Source'!D61 -> Components\CAL_Source\DAC.fcfx | E61: ='Components Data Source'!E61 -> BASICIO | F61: ='Components Data Source'!F61 -> ANALOG OUTPUT | G61: ='Components Data Source'!G61 -> 0 | H61: ='Components Data Source'!H61 -> 0 | ... L61: ='Components Data Source'!L61 -> 0 | M61: N | N61: =HYPERLINK('Components Data Source'!M61) -> https://www.flowcode.co.uk/wiki/index.php?title=Component:_ID_09222494_fbef_455b_9651_9e9e46592eb5 | O61: Y | Q61: =IF(L61=1,IF(K61=1,"",1),"") | R61: Y | S61: Y | T61: N | U61: N | V61: Select | W61: I2C | X61: Y | Y61: ? | Z61: =IF(AND(R61="Y",Y61="Y"),1,IF(R61="N",2,IF(R61="",4,IF(Y61="A",3,0)))) -> 0 | AA61: Y | AB61: No Simulate Comms to select. Is that correct? | AD61: Y | AE61: N | AF61: N | AG61: N | AI61: =VLOOKUP(B61,'Components Usage'!A$2:C$603,3,FALSE) -> 17 | AJ61: A
A62: ='Components Data Source'!A62 -> DAC(MCP49x1) | B62: ='Components Data Source'!B62 -> B6DE5668-E0AE-4C1A-9C16-B16AA3F58024 | C62: ='Components Data Source'!C62 -> DAC_Output_49x1.fcpx | D62: ='Components Data Source'!D62 -> Components\IO_Source\outputs\DAC_MCP49x1.fcfx | E62: ='Components Data Source'!E62 -> COMMSA | F62: ='Components Data Source'!F62 -> ANALOG OUTPUT | G62: ='Components Data Source'!G62 -> 0 | H62: ='Components Data Source'!H62 -> 0 | ... L62: ='Components Data Source'!L62 -> 0 | M62: N | N62: =HYPERLINK('Components Data Source'!M62) -> https://www.flowcode.co.uk/wiki/index.php?title=Component:_ID_b6de5668_e0ae_4c1a_9c16_b16aa3f58024 | O62: Y | Q62: =IF(L62=1,IF(K62=1,"",1),"") | R62: Y | S62: Y | T62: Y | U62: Y | V62: None | W62: SPI | X62: Y | Y62: Y | Z62: =IF(AND(R62="Y",Y62="Y"),1,IF(R62="N",2,IF(R62="",4,IF(Y62="A",3,0)))) -> 1 | AD62: Y | AE62: N | AF62: N | AG62: N | AI62: =VLOOKUP(B62,'Components Usage'!A$2:C$603,3,FALSE) -> 1 | AJ62: A
A63: ='Components Data Source'!A63 -> DAC Dual(MCP49x2) | B63: ='Components Data Source'!B63 -> B66F5769-5E9D-40E7-9159-C6A0552FF86E | C63: ='Components Data Source'!C63 -> DAC_Output_Dual.fcpx | D63: ='Components Data Source'!D63 -> Components\IO_Source\outputs\DAC_MCP49x2.fcfx | E63: ='Components Data Source'!E63 -> COMMSA | F63: ='Components Data Source'!F63 -> ANALOG OUTPUT | G63: ='Components Data Source'!G63 -> 0 | H63: ='Components Data Source'!H63 -> 0 | ... L63: ='Components Data Source'!L63 -> 0 | M63: N | N63: =HYPERLINK('Components Data Source'!M63) -> https://www.flowcode.co.uk/wiki/index.php?title=Component:_ID_b66f5769_5e9d_40e7_9159_c6a0552ff86e | O63: Y | Q63: =IF(L63=1,IF(K63=1,"",1),"") | R63: Y | S63: Y | T63: Y | U63: Y | V63: None | W63: SPI | X63: Y | Y63: Y | Z63: =IF(AND(R63="Y",Y63="Y"),1,IF(R63="N",2,IF(R63="",4,IF(Y63="A",3,0)))) -> 1 | AD63: Y | AE63: N | AF63: N | AG63: N | AI63: =VLOOKUP(B63,'Components Usage'!A$2:C$603,3,FALSE) -> 7 | AJ63: A
A64: ='Components Data Source'!A64 -> DAC Dual(MCP48x2) | B64: ='Components Data Source'!B64 -> F484E96A-AF4F-434E-A002-70D3F4315DFB | C64: ='Components Data Source'!C64 -> DAC_Output_Dual_48x2.fcpx | D64: ='Components Data Source'!D64 -> Components\IO_Source\outputs\DAC_MCP48x2.fcfx | E64: ='Components Data Source'!E64 -> COMMSA | F64: ='Components Data Source'!F64 -> ANALOG OUTPUT | G64: ='Components Data Source'!G64 -> 0 | H64: ='Components Data Source'!H64 -> 0 | ... L64: ='Components Data Source'!L64 -> 0 | M64: N | N64: =HYPERLINK('Components Data Source'!M64) -> https://www.flowcode.co.uk/wiki/index.php?title=Component:_ID_f484e96a_af4f_434e_a002_70d3f4315dfb | O64: Y | Q64: =IF(L64=1,IF(K64=1,"",1),"") | R64: Y | S64: Y | T64: Y | U64: Y | V64: None | W64: SPI | X64: Y | Y64: Y | Z64: =IF(AND(R64="Y",Y64="Y"),1,IF(R64="N",2,IF(R64="",4,IF(Y64="A",3,0)))) -> 1 | AD64: Y | AE64: N | AF64: N | AG64: N | AI64: =VLOOKUP(B64,'Components Usage'!A$2:C$603,3,FALSE) -> 0 | AJ64: A
A65: ='Components Data Source'!A65 -> DAC Quad (MCP4728) | B65: ='Components Data Source'!B65 -> ADB523DB-DB13-4D19-BFA3-0FBC177E4D3F | C65: ='Components Data Source'!C65 -> DAC_Output_MCP4728.fcpx | D65: ='Components Data Source'!D65 -> Components\IO_Source\outputs\DAC_MCP4728.fcfx | E65: ='Components Data Source'!E65 -> COMMSA | F65: ='Components Data Source'!F65 -> ANALOG OUTPUT | G65: ='Components Data Source'!G65 -> 0 | H65: ='Components Data Source'!H65 -> 0 | ... L65: ='Components Data Source'!L65 -> 0 | M65: N | N65: =HYPERLINK('Components Data Source'!M65) -> https://www.flowcode.co.uk/wiki/index.php?title=Component:_ID_adb523db_db13_4d19_bfa3_0fbc177e4d3f | O65: Y | Q65: =IF(L65=1,IF(K65=1,"",1),"") | R65: Y | S65: Y | T65: Y | U65: Y | V65: None | W65: I2C | X65: Y | Y65: Y | Z65: =IF(AND(R65="Y",Y65="Y"),1,IF(R65="N",2,IF(R65="",4,IF(Y65="A",3,0)))) -> 1 | AD65: Y | AE65: N | AF65: N | AG65: N | AI65: =VLOOKUP(B65,'Components Usage'!A$2:C$603,3,FALSE) -> 0 | AJ65: A
A66: ='Components Data Source'!A66 -> DALI Master | B66: ='Components Data Source'!B66 -> 5AEFAC05-EE5E-4D51-9F31-05281900A97E | C66: ='Components Data Source'!C66 -> DALIMaster.fcpx | D66: ='Components Data Source'!D66 -> Components\IO_Source\DALI Master.fcfx | E66: ='Components Data Source'!E66 -> COMMSC | F66: ='Components Data Source'!F66 -> COMMS: SYSTEM | G66: ='Components Data Source'!G66 -> 0 | H66: ='Components Data Source'!H66 -> 0 | ... L66: ='Components Data Source'!L66 -> 0 | M66: N | N66: =HYPERLINK('Components Data Source'!M66) -> https://www.flowcode.co.uk/wiki/index.php?title=Component:_ID_5aefac05_ee5e_4d51_9f31_05281900a97e | O66: Y | Q66: =IF(L66=1,IF(K66=1,"",1),"") | R66: Y | S66: Y | T66: Y | U66: Y | V66: None | W66: None | X66: N | Y66: N | Z66: =IF(AND(R66="Y",Y66="Y"),1,IF(R66="N",2,IF(R66="",4,IF(Y66="A",3,0)))) -> 0 | AA66: N | AB66: No Console / Injector - Low Priority | AD66: Y | AE66: Y | AF66: N | AG66: Y | AI66: =VLOOKUP(B66,'Components Usage'!A$2:C$603,3,FALSE) -> 1 | AJ66: A
A67: ='Components Data Source'!A67 -> DALI Slave | B67: ='Components Data Source'!B67 -> C714F39E-C8FB-413F-AFDA-2D169E655134 | C67: ='Components Data Source'!C67 -> DALISlave.fcpx | D67: ='Components Data Source'!D67 -> Components\IO_Source\DALI Slave.fcfx | E67: ='Components Data Source'!E67 -> COMMSC | F67: ='Components Data Source'!F67 -> COMMS: SYSTEM | G67: ='Components Data Source'!G67 -> 0 | H67: ='Components Data Source'!H67 -> 0 | ... L67: ='Components Data Source'!L67 -> 0 | M67: N | N67: =HYPERLINK('Components Data Source'!M67) -> https://www.flowcode.co.uk/wiki/index.php?title=Component:_ID_c714f39e_c8fb_413f_afda_2d169e655134 | O67: Y | P67: Was 'N' Fixed BR | Q67: =IF(L67=1,IF(K67=1,"",1),"") | R67: Y | S67: Y | T67: Y | U67: Y | V67: None | W67: None | X67: N | Y67: N | Z67: =IF(AND(R67="Y",Y67="Y"),1,IF(R67="N",2,IF(R67="",4,IF(Y67="A",3,0)))) -> 0 | AA67: N | AB67: No Console / Injector - Low Priority | AD67: Y | AE67: Y | AF67: N | AG67: Y | AI67: =VLOOKUP(B67,'Components Usage'!A$2:C$603,3,FALSE) -> 0 | AJ67: A
A68: ='Components Data Source'!A68 -> DFPlayer (MP3 / WAV) | B68: ='Components Data Source'!B68 -> 2061D38D-0CCA-440C-A842-F9C84CA55F90 | C68: ='Components Data Source'!C68 -> DFPlayer.fcpx | D68: ='Components Data Source'!D68 -> Components\IO_Source\DFPlayer.fcfx | E68: ='Components Data Source'!E68 -> COMMSA | F68: ='Components Data Source'!F68 -> AUDIO OUTPUT | G68: ='Components Data Source'!G68 -> INDICATORS | H68: ='Components Data Source'!H68 -> 0 | ... L68: ='Components Data Source'!L68 -> 1 | M68: N | N68: =HYPERLINK('Components Data Source'!M68) -> https://www.flowcode.co.uk/wiki/index.php?title=Component:_ID_2061d38d_0cca_440c_a842_f9c84ca55f90 | O68: Y | P68: Examples are for DALI Master & DALI Slave | Q68: =IF(L68=1,IF(K68=1,"",1),"") | R68: Y | S68: Y | T68: Y | U68: Y | V68: None | W68: UART | X68: Y | Y68: Y | Z68: =IF(AND(R68="Y",Y68="Y"),1,IF(R68="N",2,IF(R68="",4,IF(Y68="A",3,0)))) -> 1 | AB68: *UART Cal not loading for me, Is for Ben. Started from scratch still the same on a new PC + installation. Console Icon & console Not appearing. Would recommend Ben creating new component. Fixed Console handle & changed properties: injector to API Componet 15/6/21 | AD68: N | AE68: N | AF68: N | AG68: N | AI68: =VLOOKUP(B68,'Components Usage'!A$2:C$603,3,FALSE) -> 1
A69: ='Components Data Source'!A69 -> Temp / Humidity (DHT11) | B69: ='Components Data Source'!B69 -> 40785D28-4FE3-4AEC-A5D9-BA30B2D58760 | C69: ='Components Data Source'!C69 -> DHT11.fcpx | D69: ='Components Data Source'!D69 -> Components\IO_Source\Sensors\DHT11.fcfx | E69: ='Components Data Source'!E69 -> SENSORS | F69: ='Components Data Source'!F69 -> ENVIRONMENTAL | G69: ='Components Data Source'!G69 -> 0 | H69: ='Components Data Source'!H69 -> 0 | ... L69: ='Components Data Source'!L69 -> 0 | M69: N | N69: =HYPERLINK('Components Data Source'!M69) -> https://www.flowcode.co.uk/wiki/index.php?title=Component:_ID_40785d28_4fe3_4aec_a5d9_ba30b2d58760 | O69: Y | Q69: =IF(L69=1,IF(K69=1,"",1),"") | R69: Y | S69: Y | T69: N | U69: Y | V69: None | W69: None | X69: Y | Y69: Y | Z69: =IF(AND(R69="Y",Y69="Y"),1,IF(R69="N",2,IF(R69="",4,IF(Y69="A",3,0)))) -> 1 | AB69: Spotted issue 14/7/21. correct icon not assigned. Fixed MW Allow 2d only on enabled.. Fixed 23/8/21 | AD69: Y | AE69: Y | AF69: N | AG69: Y | AI69: =VLOOKUP(B69,'Components Usage'!A$2:C$603,3,FALSE) -> 5 | AJ69: A
A70: ='Components Data Source'!A70 -> Temp / Humidity (DHT22) | B70: ='Components Data Source'!B70 -> 95A1525B-7E03-4836-8C09-59BF174F603B | C70: ='Components Data Source'!C70 -> DHT22.fcpx | D70: ='Components Data Source'!D70 -> Components\IO_Source\Sensors\DHT22.fcfx | E70: ='Components Data Source'!E70 -> SENSORS | F70: ='Components Data Source'!F70 -> ENVIRONMENTAL | G70: ='Components Data Source'!G70 -> 0 | H70: ='Components Data Source'!H70 -> 0 | ... L70: ='Components Data Source'!L70 -> 0 | M70: N | N70: =HYPERLINK('Components Data Source'!M70) -> https://www.flowcode.co.uk/wiki/index.php?title=Component:_ID_95a1525b_7e03_4836_8c09_59bf174f603b | O70: Y | Q70: =IF(L70=1,IF(K70=1,"",1),"") | R70: Y | S70: Y | T70: N | U70: Y | V70: None | W70: None | X70: Y | Y70: Y | Z70: =IF(AND(R70="Y",Y70="Y"),1,IF(R70="N",2,IF(R70="",4,IF(Y70="A",3,0)))) -> 1 | AB70: Unable to complete. Last two revisions are totally wrong with missing routines and wrong pins & labelling. Lots of issuse. Fixed 14/7/21 MW | AD70: Y | AE70: Y | AF70: N | AG70: Y | AI70: =VLOOKUP(B70,'Components Usage'!A$2:C$603,3,FALSE) -> 22 | AJ70: A
A71: ='Components Data Source'!A71 -> DMX-512 Master | B71: ='Components Data Source'!B71 -> B4E10F9E-4EA9-4FBC-A584-A4D7D4D8FBA6 | C71: ='Components Data Source'!C71 -> DMX512Master.fcpx | D71: ='Components Data Source'!D71 -> Components\IO_Source\DMX-512 Master.fcfx | E71: ='Components Data Source'!E71 -> COMMSC | F71: ='Components Data Source'!F71 -> COMMS: SYSTEM | G71: ='Components Data Source'!G71 -> 0 | H71: ='Components Data Source'!H71 -> 0 | ... L71: ='Components Data Source'!L71 -> 0 | M71: N | N71: =HYPERLINK('Components Data Source'!M71) -> https://www.flowcode.co.uk/wiki/index.php?title=Component:_ID_b4e10f9e_4ea9_4fbc_a584_a4d7d4d8fba6 | O71: Y | P71: Was 'N' Fixed MW | Q71: =IF(L71=1,IF(K71=1,"",1),"") | R71: Y | S71: Y | T71: Y | V71: None | W71: UART | X71: Y | Y71: Y | Z71: =IF(AND(R71="Y",Y71="Y"),1,IF(R71="N",2,IF(R71="",4,IF(Y71="A",3,0)))) -> 1 | AB71: Was not added to relese. Added 23/08/21 | AD71: Y | AE71: Y | AF71: N | AG71: Y | AI71: =VLOOKUP(B71,'Components Usage'!A$2:C$603,3,FALSE) -> 2 | AJ71: A
A72: ='Components Data Source'!A72 -> DMX-512 Slave | B72: ='Components Data Source'!B72 -> 1BE0AC44-3521-402E-A8B7-1FAF86C09560 | C72: ='Components Data Source'!C72 -> DMX512Slave.fcpx | D72: ='Components Data Source'!D72 -> Components\IO_Source\DMX-512 Slave.fcfx | E72: ='Components Data Source'!E72 -> COMMSC | F72: ='Components Data Source'!F72 -> COMMS: SYSTEM | G72: ='Components Data Source'!G72 -> 0 | H72: ='Components Data Source'!H72 -> 0 | ... L72: ='Components Data Source'!L72 -> 0 | M72: N | N72: =HYPERLINK('Components Data Source'!M72) -> https://www.flowcode.co.uk/wiki/index.php?title=Component:_ID_1be0ac44_3521_402e_a8b7_1faf86c09560 | O72: Y | P72: Was 'N' Fixed MW | Q72: =IF(L72=1,IF(K72=1,"",1),"") | R72: Y | S72: Y | T72: Y | V72: None | W72: UART | X72: Y | Y72: Y | Z72: =IF(AND(R72="Y",Y72="Y"),1,IF(R72="N",2,IF(R72="",4,IF(Y72="A",3,0)))) -> 1 | AD72: Y | AE72: Y | AF72: N | AG72: Y | AI72: =VLOOKUP(B72,'Components Usage'!A$2:C$603,3,FALSE) -> 12 | AJ72: A
A73: ='Components Data Source'!A73 -> Input ADC | B73: ='Components Data Source'!B73 -> 3420D1EA-BC10-4727-8419-746101B8DC13 | C73: ='Components Data Source'!C73 -> DSPAnInput.fcpx | D73: ='Components Data Source'!D73 -> Components\IO_Source\DSP\DSP_ADCInput.fcfx | E73: ='Components Data Source'!E73 -> DSP | F73: ='Components Data Source'!F73 -> DSP | G73: ='Components Data Source'!G73 -> 0 | H73: ='Components Data Source'!H73 -> 0 | ... L73: ='Components Data Source'!L73 -> 0 | M73: N | N73: =HYPERLINK('Components Data Source'!M73) -> https://www.flowcode.co.uk/wiki/index.php?title=Component:_ID_3420d1ea_bc10_4727_8419_746101b8dc13 | O73: Y | P73: Was 'N' Fixed MW (Page was deleted) | Q73: =IF(L73=1,IF(K73=1,"",1),"") | R73: N | V73: Select | W73: Select | Z73: =IF(AND(R73="Y",Y73="Y"),1,IF(R73="N",2,IF(R73="",4,IF(Y73="A",3,0)))) -> 2 | AD73: Y | AE73: Y | AF73: A | AG73: N | AI73: =VLOOKUP(B73,'Components Usage'!A$2:C$603,3,FALSE) -> 6 | AJ73: A
A74: ='Components Data Source'!A74 -> PID Control | B74: ='Components Data Source'!B74 -> E6DD1315-4ACF-4FB5-ABD9-5743D3715CBE | C74: ='Components Data Source'!C74 -> DSPControl.fcpx | D74: ='Components Data Source'!D74 -> Components\IO_Source\DSP\DSP_PIDControl.fcfx | E74: ='Components Data Source'!E74 -> DSP | F74: ='Components Data Source'!F74 -> DSP | G74: ='Components Data Source'!G74 -> 0 | H74: ='Components Data Source'!H74 -> 0 | ... L74: ='Components Data Source'!L74 -> 1 | M74: N | N74: =HYPERLINK('Components Data Source'!M74) -> https://www.flowcode.co.uk/wiki/index.php?title=Component:_ID_e6dd1315_4acf_4fb5_abd9_5743d3715cbe | O74: Y | Q74: =IF(L74=1,IF(K74=1,"",1),"") | R74: N | V74: Select | W74: Select | Z74: =IF(AND(R74="Y",Y74="Y"),1,IF(R74="N",2,IF(R74="",4,IF(Y74="A",3,0)))) -> 2 | AD74: Y | AE74: Y | AF74: A | AG74: Y | AI74: =VLOOKUP(B74,'Components Usage'!A$2:C$603,3,FALSE) -> 19 | AJ74: A
A75: ='Components Data Source'!A75 -> Output DAC | B75: ='Components Data Source'!B75 -> 4483DA18-FA5A-4436-9EDB-0CFB55A4BCE1 | C75: ='Components Data Source'!C75 -> DSPDAC.fcpx | D75: ='Components Data Source'!D75 -> Components\IO_Source\DSP\DSP_DAC.fcfx | E75: ='Components Data Source'!E75 -> DSP | F75: ='Components Data Source'!F75 -> DSP | G75: ='Components Data Source'!G75 -> 0 | H75: ='Components Data Source'!H75 -> 0 | ... L75: ='Components Data Source'!L75 -> 0 | M75: N | N75: =HYPERLINK('Components Data Source'!M75) -> https://www.flowcode.co.uk/wiki/index.php?title=Component:_ID_4483da18_fa5a_4436_9edb_0cfb55a4bce1 | O75: Y | Q75: =IF(L75=1,IF(K75=1,"",1),"") | R75: N | V75: Select | W75: Select | Z75: =IF(AND(R75="Y",Y75="Y"),1,IF(R75="N",2,IF(R75="",4,IF(Y75="A",3,0)))) -> 2 | AD75: Y | AE75: N | AF75: A | AG75: N | AI75: =VLOOKUP(B75,'Components Usage'!A$2:C$603,3,FALSE) -> 0 | AJ75: A
A76: ='Components Data Source'!A76 -> Deinterlace | B76: ='Components Data Source'!B76 -> 0B1D97C1-EE89-45A5-8C39-114CD6D552AD | C76: ='Components Data Source'!C76 -> DSPDeinterlace.fcpx | D76: ='Components Data Source'!D76 -> Components\IO_Source\DSP\DSP_Deinterlace.fcfx | E76: ='Components Data Source'!E76 -> DSP | F76: ='Components Data Source'!F76 -> DSP | G76: ='Components Data Source'!G76 -> 0 | H76: ='Components Data Source'!H76 -> 0 | ... L76: ='Components Data Source'!L76 -> 1 | M76: N | N76: =HYPERLINK('Components Data Source'!M76) -> https://www.flowcode.co.uk/wiki/index.php?title=Component:_ID_0b1d97c1_ee89_45a5_8c39_114cd6d552ad | O76: Y | Q76: =IF(L76=1,IF(K76=1,"",1),"") | R76: N | V76: Select | W76: Select | Z76: =IF(AND(R76="Y",Y76="Y"),1,IF(R76="N",2,IF(R76="",4,IF(Y76="A",3,0)))) -> 2 | AD76: Y | AE76: N | AF76: A | AG76: N | AI76: =VLOOKUP(B76,'Components Usage'!A$2:C$603,3,FALSE) -> 0 | AJ76: A
A77: ='Components Data Source'!A77 -> Delay | B77: ='Components Data Source'!B77 -> E0DDC704-6BAB-4D08-8F10-19A14C6683EF | C77: ='Components Data Source'!C77 -> DSPDelay.fcpx | D77: ='Components Data Source'!D77 -> Components\IO_Source\DSP\DSP_Delay.fcfx | E77: ='Components Data Source'!E77 -> DSP | F77: ='Components Data Source'!F77 -> DSP | G77: ='Components Data Source'!G77 -> 0 | H77: ='Components Data Source'!H77 -> 0 | ... L77: ='Components Data Source'!L77 -> 1 | M77: N | N77: =HYPERLINK('Components Data Source'!M77) -> https://www.flowcode.co.uk/wiki/index.php?title=Component:_ID_e0ddc704_6bab_4d08_8f10_19a14c6683ef | O77: Y | Q77: =IF(L77=1,IF(K77=1,"",1),"") | R77: N | V77: Select | W77: Select | Z77: =IF(AND(R77="Y",Y77="Y"),1,IF(R77="N",2,IF(R77="",4,IF(Y77="A",3,0)))) -> 2 | AD77: Y | AE77: Y | AF77: A | AG77: Y | AI77: =VLOOKUP(B77,'Components Usage'!A$2:C$603,3,FALSE) -> 3 | AJ77: A
A78: ='Components Data Source'!A78 -> Fast Fourier Transform (FFT) | B78: ='Components Data Source'!B78 -> F804A7BD-0280-4FF7-AB75-63BE77FB2AF3 | C78: ='Components Data Source'!C78 -> DSPFFT.fcpx | D78: ='Components Data Source'!D78 -> Components\IO_Source\DSP\DSP_FFT.fcfx | E78: ='Components Data Source'!E78 -> DSP | F78: ='Components Data Source'!F78 -> DSP | G78: ='Components Data Source'!G78 -> 0 | H78: ='Components Data Source'!H78 -> 0 | ... L78: ='Components Data Source'!L78 -> 1 | M78: N | N78: =HYPERLINK('Components Data Source'!M78) -> https://www.flowcode.co.uk/wiki/index.php?title=Component:_ID_f804a7bd_0280_4ff7_ab75_63be77fb2af3 | O78: Y | Q78: =IF(L78=1,IF(K78=1,"",1),"") | R78: N | V78: Select | W78: Select | Z78: =IF(AND(R78="Y",Y78="Y"),1,IF(R78="N",2,IF(R78="",4,IF(Y78="A",3,0)))) -> 2 | AD78: Y | AE78: Y | AF78: A | AG78: Y | AI78: =VLOOKUP(B78,'Components Usage'!A$2:C$603,3,FALSE) -> 5 | AJ78: A
A79: ='Components Data Source'!A79 -> Filter | B79: ='Components Data Source'!B79 -> 317EFB6A-2BAD-4F83-A0BC-4ADA0F4CD51E | C79: ='Components Data Source'!C79 -> DSPFilter.fcpx | D79: ='Components Data Source'!D79 -> Components\IO_Source\DSP\DSP_Filter.fcfx | E79: ='Components Data Source'!E79 -> DSP | F79: ='Components Data Source'!F79 -> DSP | G79: ='Components Data Source'!G79 -> 0 | H79: ='Components Data Source'!H79 -> 0 | ... L79: ='Components Data Source'!L79 -> 1 | M79: N | N79: =HYPERLINK('Components Data Source'!M79) -> https://www.flowcode.co.uk/wiki/index.php?title=Component:_ID_317efb6a_2bad_4f83_a0bc_4ada0f4cd51e | O79: Y | Q79: =IF(L79=1,IF(K79=1,"",1),"") | R79: N | V79: Select | W79: Select | Z79: =IF(AND(R79="Y",Y79="Y"),1,IF(R79="N",2,IF(R79="",4,IF(Y79="A",3,0)))) -> 2 | AD79: Y | AE79: Y | AF79: A | AG79: Y | AI79: =VLOOKUP(B79,'Components Usage'!A$2:C$603,3,FALSE) -> 13 | AJ79: A
A80: ='Components Data Source'!A80 -> Waveform Generator | B80: ='Components Data Source'!B80 -> CBE42ABC-5955-44DA-A6D0-03E7CBCDCACA | C80: ='Components Data Source'!C80 -> DSPFreqGen.fcpx | D80: ='Components Data Source'!D80 -> Components\IO_Source\DSP\DSP_Wave_Gen.fcfx | E80: ='Components Data Source'!E80 -> DSP | F80: ='Components Data Source'!F80 -> DSP | G80: ='Components Data Source'!G80 -> 0 | H80: ='Components Data Source'!H80 -> 0 | ... L80: ='Components Data Source'!L80 -> 1 | M80: N | N80: =HYPERLINK('Components Data Source'!M80) -> https://www.flowcode.co.uk/wiki/index.php?title=Component:_ID_cbe42abc_5955_44da_a6d0_03e7cbcdcaca | O80: Y | Q80: =IF(L80=1,IF(K80=1,"",1),"") | R80: N | V80: Select | W80: Select | Z80: =IF(AND(R80="Y",Y80="Y"),1,IF(R80="N",2,IF(R80="",4,IF(Y80="A",3,0)))) -> 2 | AD80: Y | AE80: Y | AF80: A | AG80: Y | AI80: =VLOOKUP(B80,'Components Usage'!A$2:C$603,3,FALSE) -> 29 | AJ80: A
A81: ='Components Data Source'!A81 -> Input Digital | B81: ='Components Data Source'!B81 -> C73D493A-B6A0-4DBE-B4B5-79648F67D11E | C81: ='Components Data Source'!C81 -> DSPInput.fcpx | D81: ='Components Data Source'!D81 -> Components\IO_Source\DSP\DSP_Input.fcfx | E81: ='Components Data Source'!E81 -> DSP | F81: ='Components Data Source'!F81 -> DSP | G81: ='Components Data Source'!G81 -> 0 | H81: ='Components Data Source'!H81 -> 0 | ... L81: ='Components Data Source'!L81 -> 1 | M81: N | N81: =HYPERLINK('Components Data Source'!M81) -> https://www.flowcode.co.uk/wiki/index.php?title=Component:_ID_c73d493a_b6a0_4dbe_b4b5_79648f67d11e | O81: Y | Q81: =IF(L81=1,IF(K81=1,"",1),"") | R81: N | V81: Select | W81: Select | Z81: =IF(AND(R81="Y",Y81="Y"),1,IF(R81="N",2,IF(R81="",4,IF(Y81="A",3,0)))) -> 2 | AD81: Y | AE81: Y | AF81: A | AG81: Y | AI81: =VLOOKUP(B81,'Components Usage'!A$2:C$603,3,FALSE) -> 36 | AJ81: A
A82: ='Components Data Source'!A82 -> Input CSV | B82: ='Components Data Source'!B82 -> 73C1C565-8D04-44DD-AB78-1997D5E3C641 | C82: ='Components Data Source'!C82 -> DSPInputCSV.fcpx | D82: ='Components Data Source'!D82 -> Components\IO_Source\DSP\DSP_FileInput.fcfx | E82: ='Components Data Source'!E82 -> DSP | F82: ='Components Data Source'!F82 -> DSP | G82: ='Components Data Source'!G82 -> 0 | H82: ='Components Data Source'!H82 -> 0 | ... L82: ='Components Data Source'!L82 -> 1 | M82: N | N82: =HYPERLINK('Components Data Source'!M82) -> https://www.flowcode.co.uk/wiki/index.php?title=Component:_ID_73c1c565_8d04_44dd_ab78_1997d5e3c641 | O82: Y | Q82: =IF(L82=1,IF(K82=1,"",1),"") | R82: N | V82: Select | W82: Select | Z82: =IF(AND(R82="Y",Y82="Y"),1,IF(R82="N",2,IF(R82="",4,IF(Y82="A",3,0)))) -> 2 | AD82: Y | AE82: N | AF82: A | AG82: N | AI82: =VLOOKUP(B82,'Components Usage'!A$2:C$603,3,FALSE) -> 3 | AJ82: A
A83: ='Components Data Source'!A83 -> Input Digital Pin | B83: ='Components Data Source'!B83 -> 8D6FFD33-4087-46B5-8DFD-F43513748755 | C83: ='Components Data Source'!C83 -> DSPInputPin.fcpx | D83: ='Components Data Source'!D83 -> Components\IO_Source\DSP\DSP_InputPin.fcfx | E83: ='Components Data Source'!E83 -> DSP | F83: ='Components Data Source'!F83 -> DSP | G83: ='Components Data Source'!G83 -> 0 | H83: ='Components Data Source'!H83 -> 0 | ... L83: ='Components Data Source'!L83 -> 0 | M83: N | N83: =HYPERLINK('Components Data Source'!M83) -> https://www.flowcode.co.uk/wiki/index.php?title=Component:_ID_8d6ffd33_4087_46b5_8dfd_f43513748755 | O83: Y | Q83: =IF(L83=1,IF(K83=1,"",1),"") | R83: N | V83: Select | W83: Select | Z83: =IF(AND(R83="Y",Y83="Y"),1,IF(R83="N",2,IF(R83="",4,IF(Y83="A",3,0)))) -> 2 | AD83: Y | AE83: N | AF83: A | AG83: N | AI83: =VLOOKUP(B83,'Components Usage'!A$2:C$603,3,FALSE) -> 1 | AJ83: A
A84: ='Components Data Source'!A84 -> Interlace | B84: ='Components Data Source'!B84 -> 23B8DE7F-5214-4F77-9BAC-4982123B8D4B | C84: ='Components Data Source'!C84 -> DSPInterlace.fcpx | D84: ='Components Data Source'!D84 -> Components\IO_Source\DSP\DSP_Interlace.fcfx | E84: ='Components Data Source'!E84 -> DSP | F84: ='Components Data Source'!F84 -> DSP | G84: ='Components Data Source'!G84 -> 0 | H84: ='Components Data Source'!H84 -> 0 | ... L84: ='Components Data Source'!L84 -> 1 | M84: N | N84: =HYPERLINK('Components Data Source'!M84) -> https://www.flowcode.co.uk/wiki/index.php?title=Component:_ID_23b8de7f_5214_4f77_9bac_4982123b8d4b | O84: Y | Q84: =IF(L84=1,IF(K84=1,"",1),"") | R84: N | V84: Select | W84: Select | Z84: =IF(AND(R84="Y",Y84="Y"),1,IF(R84="N",2,IF(R84="",4,IF(Y84="A",3,0)))) -> 2 | AD84: Y | AE84: N | AF84: A | AG84: N | AI84: =VLOOKUP(B84,'Components Usage'!A$2:C$603,3,FALSE) -> 1 | AJ84: A
A85: ='Components Data Source'!A85 -> Kalman Filter | B85: ='Components Data Source'!B85 -> 83FAC7AC-B7B5-4CC4-890A-394CBF16CF71 | C85: ='Components Data Source'!C85 -> DSPKalman.fcpx | D85: ='Components Data Source'!D85 -> Components\IO_Source\DSP\DSP_Kalman.fcfx | E85: ='Components Data Source'!E85 -> DSP | F85: ='Components Data Source'!F85 -> DSP | G85: ='Components Data Source'!G85 -> 0 | H85: ='Components Data Source'!H85 -> 0 | ... L85: ='Components Data Source'!L85 -> 1 | M85: N | N85: =HYPERLINK('Components Data Source'!M85) -> https://www.flowcode.co.uk/wiki/index.php?title=Component:_ID_83fac7ac_b7b5_4cc4_890a_394cbf16cf71 | O85: Y | Q85: =IF(L85=1,IF(K85=1,"",1),"") | R85: N | V85: Select | W85: Select | Z85: =IF(AND(R85="Y",Y85="Y"),1,IF(R85="N",2,IF(R85="",4,IF(Y85="A",3,0)))) -> 2 | AD85: Y | AE85: N | AF85: A | AG85: N | AI85: =VLOOKUP(B85,'Components Usage'!A$2:C$603,3,FALSE) -> 0 | AJ85: A
A86: ='Components Data Source'!A86 -> Level | B86: ='Components Data Source'!B86 -> E648C3DE-EC39-4A3F-BBD9-46E45CCE4A63 | C86: ='Components Data Source'!C86 -> DSPLevel.fcpx | D86: ='Components Data Source'!D86 -> Components\IO_Source\DSP\DSP_Level.fcfx | E86: ='Components Data Source'!E86 -> DSP | F86: ='Components Data Source'!F86 -> DSP | G86: ='Components Data Source'!G86 -> 0 | H86: ='Components Data Source'!H86 -> 0 | ... L86: ='Components Data Source'!L86 -> 1 | M86: N | N86: =HYPERLINK('Components Data Source'!M86) -> https://www.flowcode.co.uk/wiki/index.php?title=Component:_ID_e648c3de_ec39_4a3f_bbd9_46e45cce4a63 | O86: Y | Q86: =IF(L86=1,IF(K86=1,"",1),"") | R86: N | V86: Select | W86: Select | Z86: =IF(AND(R86="Y",Y86="Y"),1,IF(R86="N",2,IF(R86="",4,IF(Y86="A",3,0)))) -> 2 | AD86: Y | AE86: Y | AF86: A | AG86: Y | AI86: =VLOOKUP(B86,'Components Usage'!A$2:C$603,3,FALSE) -> 8 | AJ86: A
A87: ='Components Data Source'!A87 -> Math | B87: ='Components Data Source'!B87 -> 82872714-F0F0-4758-91EC-BD39D2CDDDC8 | C87: ='Components Data Source'!C87 -> DSPMath.fcpx | D87: ='Components Data Source'!D87 -> Components\IO_Source\DSP\DSP_Math.fcfx | E87: ='Components Data Source'!E87 -> DSP | F87: ='Components Data Source'!F87 -> DSP | G87: ='Components Data Source'!G87 -> 0 | H87: ='Components Data Source'!H87 -> 0 | ... L87: ='Components Data Source'!L87 -> 1 | M87: N | N87: =HYPERLINK('Components Data Source'!M87) -> https://www.flowcode.co.uk/wiki/index.php?title=Component:_ID_82872714_f0f0_4758_91ec_bd39d2cdddc8 | O87: Y | Q87: =IF(L87=1,IF(K87=1,"",1),"") | R87: N | V87: Select | W87: Select | Z87: =IF(AND(R87="Y",Y87="Y"),1,IF(R87="N",2,IF(R87="",4,IF(Y87="A",3,0)))) -> 2 | AB87: Examples are called Sum | AD87: Y | AE87: Y | AF87: A | AG87: Y | AI87: =VLOOKUP(B87,'Components Usage'!A$2:C$603,3,FALSE) -> 8 | AJ87: A
A88: ='Components Data Source'!A88 -> Median | B88: ='Components Data Source'!B88 -> FACC8C89-963A-408E-985E-ED768A52B01A | C88: ='Components Data Source'!C88 -> DSPMedian.fcpx | D88: ='Components Data Source'!D88 -> Components\IO_Source\DSP\DSP_Median.fcfx | E88: ='Components Data Source'!E88 -> DSP | F88: ='Components Data Source'!F88 -> DSP | G88: ='Components Data Source'!G88 -> 0 | H88: ='Components Data Source'!H88 -> 0 | ... L88: ='Components Data Source'!L88 -> 1 | M88: N | N88: =HYPERLINK('Components Data Source'!M88) -> https://www.flowcode.co.uk/wiki/index.php?title=Component:_ID_facc8c89_963a_408e_985e_ed768a52b01a | O88: Y | Q88: =IF(L88=1,IF(K88=1,"",1),"") | R88: N | V88: Select | W88: Select | Z88: =IF(AND(R88="Y",Y88="Y"),1,IF(R88="N",2,IF(R88="",4,IF(Y88="A",3,0)))) -> 2 | AD88: Y | AE88: N | AF88: A | AG88: N | AI88: =VLOOKUP(B88,'Components Usage'!A$2:C$603,3,FALSE) -> 0 | AJ88: A
A89: ='Components Data Source'!A89 -> Multiplex | B89: ='Components Data Source'!B89 -> A9E01AA0-F224-4902-A558-6A199FC039C5 | C89: ='Components Data Source'!C89 -> DSPMultiplex.fcpx | D89: ='Components Data Source'!D89 -> Components\IO_Source\DSP\DSP_Mpx.fcfx | E89: ='Components Data Source'!E89 -> DSP | F89: ='Components Data Source'!F89 -> DSP | G89: ='Components Data Source'!G89 -> 0 | H89: ='Components Data Source'!H89 -> 0 | ... L89: ='Components Data Source'!L89 -> 1 | M89: N | N89: =HYPERLINK('Components Data Source'!M89) -> https://www.flowcode.co.uk/wiki/index.php?title=Component:_ID_a9e01aa0_f224_4902_a558_6a199fc039c5 | O89: Y | Q89: =IF(L89=1,IF(K89=1,"",1),"") | R89: N | V89: Select | W89: Select | Z89: =IF(AND(R89="Y",Y89="Y"),1,IF(R89="N",2,IF(R89="",4,IF(Y89="A",3,0)))) -> 2 | AD89: Y | AE89: N | AF89: A | AG89: N | AI89: =VLOOKUP(B89,'Components Usage'!A$2:C$603,3,FALSE) -> 4 | AJ89: A
A90: ='Components Data Source'!A90 -> Offset | B90: ='Components Data Source'!B90 -> 88A7DBC4-AF92-4205-8943-ABAA77504462 | C90: ='Components Data Source'!C90 -> DSPOffset.fcpx | D90: ='Components Data Source'!D90 -> Components\IO_Source\DSP\DSP_Offset.fcfx | E90: ='Components Data Source'!E90 -> DSP | F90: ='Components Data Source'!F90 -> DSP | G90: ='Components Data Source'!G90 -> 0 | H90: ='Components Data Source'!H90 -> 0 | ... L90: ='Components Data Source'!L90 -> 1 | M90: N | N90: =HYPERLINK('Components Data Source'!M90) -> https://www.flowcode.co.uk/wiki/index.php?title=Component:_ID_88a7dbc4_af92_4205_8943_abaa77504462 | O90: Y | Q90: =IF(L90=1,IF(K90=1,"",1),"") | R90: N | V90: Select | W90: Select | Z90: =IF(AND(R90="Y",Y90="Y"),1,IF(R90="N",2,IF(R90="",4,IF(Y90="A",3,0)))) -> 2 | AD90: Y | AE90: N | AF90: A | AG90: N | AI90: =VLOOKUP(B90,'Components Usage'!A$2:C$603,3,FALSE) -> 0 | AJ90: A
A91: ='Components Data Source'!A91 -> On/Off Control | B91: ='Components Data Source'!B91 -> 34B6F31B-7E33-4BEB-891E-DEFACBEE8587 | C91: ='Components Data Source'!C91 -> DSPOnOffControl.fcpx | D91: ='Components Data Source'!D91 -> Components\IO_Source\DSP\DSP_OnOffControl.fcfx | E91: ='Components Data Source'!E91 -> DSP | F91: ='Components Data Source'!F91 -> DSP | G91: ='Components Data Source'!G91 -> 0 | H91: ='Components Data Source'!H91 -> 0 | ... L91: ='Components Data Source'!L91 -> 1 | M91: N | N91: =HYPERLINK('Components Data Source'!M91) -> https://www.flowcode.co.uk/wiki/index.php?title=Component:_ID_34b6f31b_7e33_4beb_891e_defacbee8587 | O91: Y | Q91: =IF(L91=1,IF(K91=1,"",1),"") | R91: N | V91: Select | W91: Select | Z91: =IF(AND(R91="Y",Y91="Y"),1,IF(R91="N",2,IF(R91="",4,IF(Y91="A",3,0)))) -> 2 | AD91: Y | AE91: Y | AF91: A | AG91: Y | AI91: =VLOOKUP(B91,'Components Usage'!A$2:C$603,3,FALSE) -> 0 | AJ91: A
A92: ='Components Data Source'!A92 -> Output Digital | B92: ='Components Data Source'!B92 -> 1392D5C3-35BA-4C7F-A539-7F30A09758E4 | C92: ='Components Data Source'!C92 -> DSPOutput.fcpx | D92: ='Components Data Source'!D92 -> Components\IO_Source\DSP\DSP_Output.fcfx | E92: ='Components Data Source'!E92 -> DSP | F92: ='Components Data Source'!F92 -> DSP | G92: ='Components Data Source'!G92 -> 0 | H92: ='Components Data Source'!H92 -> 0 | ... L92: ='Components Data Source'!L92 -> 1 | M92: N | N92: =HYPERLINK('Components Data Source'!M92) -> https://www.flowcode.co.uk/wiki/index.php?title=Component:_ID_1392d5c3_35ba_4c7f_a539_7f30a09758e4 | O92: Y | Q92: =IF(L92=1,IF(K92=1,"",1),"") | R92: N | V92: Select | W92: Select | Z92: =IF(AND(R92="Y",Y92="Y"),1,IF(R92="N",2,IF(R92="",4,IF(Y92="A",3,0)))) -> 2 | AD92: Y | AE92: N | AF92: A | AG92: N | AI92: =VLOOKUP(B92,'Components Usage'!A$2:C$603,3,FALSE) -> 46 | AJ92: A
A93: ='Components Data Source'!A93 -> Output CSV | B93: ='Components Data Source'!B93 -> 5142BD81-ABAD-444B-B6DB-36A87DCE5835 | C93: ='Components Data Source'!C93 -> DSPOutputCSV.fcpx | D93: ='Components Data Source'!D93 -> Components\IO_Source\DSP\DSP_FileOutput.fcfx | E93: ='Components Data Source'!E93 -> DSP | F93: ='Components Data Source'!F93 -> DSP | G93: ='Components Data Source'!G93 -> 0 | H93: ='Components Data Source'!H93 -> 0 | ... L93: ='Components Data Source'!L93 -> 1 | M93: N | N93: =HYPERLINK('Components Data Source'!M93) -> https://www.flowcode.co.uk/wiki/index.php?title=Component:_ID_5142bd81_abad_444b_b6db_36a87dce5835 | O93: Y | Q93: =IF(L93=1,IF(K93=1,"",1),"") | R93: N | V93: Select | W93: Select | Z93: =IF(AND(R93="Y",Y93="Y"),1,IF(R93="N",2,IF(R93="",4,IF(Y93="A",3,0)))) -> 2 | AD93: Y | AE93: N | AF93: A | AG93: N | AI93: =VLOOKUP(B93,'Components Usage'!A$2:C$603,3,FALSE) -> 0 | AJ93: A
A94: ='Components Data Source'!A94 -> Output Digital Pin | B94: ='Components Data Source'!B94 -> 0D048C7D-18D5-4BCE-83F1-7E429C0D86B6 | C94: ='Components Data Source'!C94 -> DSPOutputPin.fcpx | D94: ='Components Data Source'!D94 -> Components\IO_Source\DSP\DSP_OutputPin.fcfx | E94: ='Components Data Source'!E94 -> DSP | F94: ='Components Data Source'!F94 -> DSP | G94: ='Components Data Source'!G94 -> 0 | H94: ='Components Data Source'!H94 -> 0 | ... L94: ='Components Data Source'!L94 -> 0 | M94: N | N94: =HYPERLINK('Components Data Source'!M94) -> https://www.flowcode.co.uk/wiki/index.php?title=Component:_ID_0d048c7d_18d5_4bce_83f1_7e429c0d86b6 | O94: Y | Q94: =IF(L94=1,IF(K94=1,"",1),"") | R94: N | V94: Select | W94: Select | Z94: =IF(AND(R94="Y",Y94="Y"),1,IF(R94="N",2,IF(R94="",4,IF(Y94="A",3,0)))) -> 2 | AD94: Y | AE94: N | AF94: A | AG94: N | AI94: =VLOOKUP(B94,'Components Usage'!A$2:C$603,3,FALSE) -> 0 | AJ94: A
A95: ='Components Data Source'!A95 -> Output PWM | B95: ='Components Data Source'!B95 -> 649F4BC2-1360-4629-82AA-62E2FC32D4E4 | C95: ='Components Data Source'!C95 -> DSPPWM.fcpx | D95: ='Components Data Source'!D95 -> Components\IO_Source\DSP\DSP_PWM.fcfx | E95: ='Components Data Source'!E95 -> DSP | F95: ='Components Data Source'!F95 -> DSP | G95: ='Components Data Source'!G95 -> 0 | H95: ='Components Data Source'!H95 -> 0 | ... L95: ='Components Data Source'!L95 -> 0 | M95: N | N95: =HYPERLINK('Components Data Source'!M95) -> https://www.flowcode.co.uk/wiki/index.php?title=Component:_ID_649f4bc2_1360_4629_82aa_62e2fc32d4e4 | O95: Y | Q95: =IF(L95=1,IF(K95=1,"",1),"") | R95: N | V95: Select | W95: Select | Z95: =IF(AND(R95="Y",Y95="Y"),1,IF(R95="N",2,IF(R95="",4,IF(Y95="A",3,0)))) -> 2 | AD95: Y | AE95: N | AF95: A | AG95: N | AI95: =VLOOKUP(B95,'Components Usage'!A$2:C$603,3,FALSE) -> 4 | AJ95: A
A96: ='Components Data Source'!A96 -> Rectifier | B96: ='Components Data Source'!B96 -> 939A5D54-28C7-488D-AF39-46F7C5D2C429 | C96: ='Components Data Source'!C96 -> DSPRectifier.fcpx | D96: ='Components Data Source'!D96 -> Components\IO_Source\DSP\DSP_Rectifier.fcfx | E96: ='Components Data Source'!E96 -> DSP | F96: ='Components Data Source'!F96 -> DSP | G96: ='Components Data Source'!G96 -> 0 | H96: ='Components Data Source'!H96 -> 0 | ... L96: ='Components Data Source'!L96 -> 1 | M96: N | N96: =HYPERLINK('Components Data Source'!M96) -> https://www.flowcode.co.uk/wiki/index.php?title=Component:_ID_939a5d54_28c7_488d_af39_46f7c5d2c429 | O96: Y | Q96: =IF(L96=1,IF(K96=1,"",1),"") | R96: N | V96: Select | W96: Select | Z96: =IF(AND(R96="Y",Y96="Y"),1,IF(R96="N",2,IF(R96="",4,IF(Y96="A",3,0)))) -> 2 | AD96: Y | AE96: N | AF96: A | AG96: N | AI96: =VLOOKUP(B96,'Components Usage'!A$2:C$603,3,FALSE) -> 0 | AJ96: A
A97: ='Components Data Source'!A97 -> Scale | B97: ='Components Data Source'!B97 -> F1AF5256-1DEE-491C-B43F-FDC8F33279FB | C97: ='Components Data Source'!C97 -> DSPScale.fcpx | D97: ='Components Data Source'!D97 -> Components\IO_Source\DSP\DSP_Scale.fcfx | E97: ='Components Data Source'!E97 -> DSP | F97: ='Components Data Source'!F97 -> DSP | G97: ='Components Data Source'!G97 -> 0 | H97: ='Components Data Source'!H97 -> 0 | ... L97: ='Components Data Source'!L97 -> 1 | M97: N | N97: =HYPERLINK('Components Data Source'!M97) -> https://www.flowcode.co.uk/wiki/index.php?title=Component:_ID_f1af5256_1dee_491c_b43f_fdc8f33279fb | O97: Y | Q97: =IF(L97=1,IF(K97=1,"",1),"") | R97: N | V97: Select | W97: Select | Z97: =IF(AND(R97="Y",Y97="Y"),1,IF(R97="N",2,IF(R97="",4,IF(Y97="A",3,0)))) -> 2 | AD97: Y | AE97: Y | AF97: A | AG97: Y | AI97: =VLOOKUP(B97,'Components Usage'!A$2:C$603,3,FALSE) -> 7 | AJ97: A
A98: ='Components Data Source'!A98 -> Simulated Control Load | B98: ='Components Data Source'!B98 -> 907F24E9-A8A3-46EA-942D-67DC55F7EB44 | C98: ='Components Data Source'!C98 -> DSPSimLoad.fcpx | D98: ='Components Data Source'!D98 -> Components\IO_Source\DSP\DSP_SimLoad.fcfx | E98: ='Components Data Source'!E98 -> DSP | F98: ='Components Data Source'!F98 -> DSP | G98: ='Components Data Source'!G98 -> 0 | H98: ='Components Data Source'!H98 -> 0 | ... L98: ='Components Data Source'!L98 -> 1 | M98: N | N98: =HYPERLINK('Components Data Source'!M98) -> https://www.flowcode.co.uk/wiki/index.php?title=Component:_ID_907f24e9_a8a3_46ea_942d_67dc55f7eb44 | O98: Y | Q98: =IF(L98=1,IF(K98=1,"",1),"") | R98: N | V98: Select | W98: Select | Z98: =IF(AND(R98="Y",Y98="Y"),1,IF(R98="N",2,IF(R98="",4,IF(Y98="A",3,0)))) -> 2 | AD98: Y | AE98: N | AF98: A | AG98: N | AI98: =VLOOKUP(B98,'Components Usage'!A$2:C$603,3,FALSE) -> 0 | AJ98: A
A99: ='Components Data Source'!A99 -> Data Sheet | B99: ='Components Data Source'!B99 -> A3A84355-5D1C-4437-900D-FDF3FE6EE6FB | C99: ='Components Data Source'!C99 -> DataSheet.fcpx | D99: ='Components Data Source'!D99 -> Components\IO_Source\2dGDI\ChartSpreadsheet.fcfx | E99: ='Components Data Source'!E99 -> FREE | F99: ='Components Data Source'!F99 -> CHARTS | G99: ='Components Data Source'!G99 -> CHARTS | H99: ='Components Data Source'!H99 -> 0 | ... L99: ='Components Data Source'!L99 -> 1 | M99: N | N99: =HYPERLINK('Components Data Source'!M99) -> https://www.flowcode.co.uk/wiki/index.php?title=Component:_ID_a3a84355_5d1c_4437_900d_fdf3fe6ee6fb | O99: Y | Q99: =IF(L99=1,IF(K99=1,"",1),"") | R99: N | S99: N | V99: None | W99: None | X99: N | Y99: N | Z99: =IF(AND(R99="Y",Y99="Y"),1,IF(R99="N",2,IF(R99="",4,IF(Y99="A",3,0)))) -> 2 | AD99: N | AF99: A | AG99: N | AI99: =VLOOKUP(B99,'Components Usage'!A$2:C$603,3,FALSE) -> 7
A100: ='Components Data Source'!A100 -> Data Sheet B | B100: ='Components Data Source'!B100 -> 265D450B-0719-4B6B-8F66-1AEFCE666E3F | C100: ='Components Data Source'!C100 -> DataSheetB.fcpx | D100: ='Components Data Source'!D100 -> Components\IO_Source\2dGDI\ChartSpreadsheetB.fcfx | E100: ='Components Data Source'!E100 -> FREE | F100: ='Components Data Source'!F100 -> CHARTS | G100: ='Components Data Source'!G100 -> CHARTS | H100: ='Components Data Source'!H100 -> 0 | ... L100: ='Components Data Source'!L100 -> 1 | M100: N | N100: =HYPERLINK('Components Data Source'!M100) -> https://www.flowcode.co.uk/wiki/index.php?title=Component:_ID_265d450b_0719_4b6b_8f66_1aefce666e3f | O100: Y | Q100: =IF(L100=1,IF(K100=1,"",1),"") | R100: N | S100: N | V100: None | W100: None | X100: N | Y100: N | Z100: =IF(AND(R100="Y",Y100="Y"),1,IF(R100="N",2,IF(R100="",4,IF(Y100="A",3,0)))) -> 2 | AD100: N | AF100: A | AG100: N | AI100: =VLOOKUP(B100,'Components Usage'!A$2:C$603,3,FALSE) -> 0
...

Sheet Components Usage
A1: GUID | B1: Name | C1: usage
A2: 7FDAEC78-394E-4EC9-A578-4F1A12A12076 | B2: LED (5mm Panel) | C2: 486
A3: C73616D1-7AD0-45D9-AADA-69CCFA4C5EFC | B3: UART (RS232) | C3: 443
A4: 63177601-E8E2-4330-89D3-A4C5A7E228F5 | B4: LED Array (PCB) | C4: 390
A5: 14683EA8-5A08-4B3A-BE2D-3DEA3E17E720 | B5: Potentiometer (Colour) | C5: 309
A6: 5C1DA48F-CE54-4622-BDD9-FC812E373696 | B6: Switch (Push Panel) | C6: 300
A7: D92E8259-F3A8-4176-A8C4-FE7CA42B2C3F | B7: LED (5mm PCB) | C7: 288
A8: 444FB704-814C-4707-A15C-759BA088505C | B8: PWM (Internal) | C8: 266
A9: 52C5383B-4F48-4029-8B75-C3633F7CF892 | B9: 7Segment (Single) | C9: 216
A10: 7A287A58-CBA5-42AD-B8A5-58694D7F678A | B10: Switch (Slide PCB) | C10: 216
A11: 24219805-113D-4B12-B6BD-E1B0B0C33981 | B11: I2C Master | C11: 181
A12: DCBF571F-A6FA-402D-BDD4-BE00CCA4070F | B12: EEPROM | C12: 171
A13: 1A8C2BB7-8BED-4A1C-9186-BA24688C8840 | B13: Potentiometer (Slider) | C13: 169
... A603: F54FA744-5AF4-4C08-BDB9-FB31848A2B63 | B603: XML JSON Parser | C603: 0

Sheet Component Testing
A1: GUID | B1: Component | C1: Component Macro tested | D1: BL0011 Pass? | E1: ESP32 Pass | F1: RedBoard. Pass? | G1: ARM | H1: Notes
A2: C73616D1-7AD0-45D9-AADA-69CCFA4C5EFC | B2: UART | C2: SendChar (57600 Baud) | D2: Y | E2: Y | F2: Y | G2: N (Y Fixed) | H2: RX interrupt used and much be first. Error H = 2.6%, L = 2.4%. Uart does not work at all on Arm
A3: C73616D1-7AD0-45D9-AADA-69CCFA4C5EFC | B3: UART | C3: ReceiveChar (57600 Baud) | D3: Y | E3: Y | F3: Y | G3: N (Y Fixed)
A4: C73616D1-7AD0-45D9-AADA-69CCFA4C5EFC | B4: UART | C4: SendSting (9600,57600 & 115200 Baud) | D4: Y | E4: Y | F4: Y | G4: N (Y Fixed)
A5: C73616D1-7AD0-45D9-AADA-69CCFA4C5EFC | B5: UART | C5: ReceieveSting (115200 Baud) | D5: Y | E5: Y | F5: Y | G5: N (Y Fixed)
A6: C73616D1-7AD0-45D9-AADA-69CCFA4C5EFC | B6: UART | C6: ChangeHWBaud (9600,57600 & 115200 Baud) | D6: Y | E6: Y | F6: Y | G6: N (Y Fixed)
A7: C73616D1-7AD0-45D9-AADA-69CCFA4C5EFC | B7: UART | C7: SendFloat | D7: Y | E7: Y | F7: Y | G7: N (Y Fixed) | H7: Limited to 10 chars
A8: C73616D1-7AD0-45D9-AADA-69CCFA4C5EFC | B8: UART | C8: SendNumber | D8: Y | E8: Y | F8: Y | G8: N (Y Fixed)
A9: C73616D1-7AD0-45D9-AADA-69CCFA4C5EFC | B9: UART | C9: SendHexNumber | D9: Y | E9: Y | F9: Y | G9: N (Y Fixed)
A10: C73616D1-7AD0-45D9-AADA-69CCFA4C5EFC | B10: UART | C10: SendByteArray | D10: Y | E10: Y | F10: Y | G10: N (Y Fixed)
A11: C73616D1-7AD0-45D9-AADA-69CCFA4C5EFC | B11: UART | C11: SendBinary32Bit | D11: Y | E11: Y | F11: Y | G11: N (Y Fixed) | H11: Value sent 1023. Value on analyser MSB > LSB 0, 1,226 & 64.. Should have seen 0, 0, 3, 255
C12: Software mode ( Send "U") | D12: Y | E12: N | F12: N | G12: N (Y Fixed) | H12: BL0011 4% Error. ESP32 & RedBoard Teminiation error - won't compile
C13: Timer Version ( Send "U") | D13: Y | E13: N | F13: Y* | G13: N | H13: BL0061. Set timer 2 to 9600 UART at 14414 baud. Esp32 Not practicable as timer resolution is in ms only. *Works as indended, but will need to preload timer maco if standard Baud rates are required.
A15: 63177601-E8E2-4330-89D3-A4C5A7E228F5 | B15: LED Array | C15: BarGraph | D15: Y | E15: Y | F15: Y | G15: Y
A16: 63177601-E8E2-4330-89D3-A4C5A7E228F5 | B16: LED Array | C16: LEDOn | D16: Y | E16: Y | F16: Y | G16: Y
A17: 63177601-E8E2-4330-89D3-A4C5A7E228F5 | B17: LED Array | C17: AllOn | D17: Y | E17: Y | F17: Y | G17: Y
A18: 63177601-E8E2-4330-89D3-A4C5A7E228F5 | B18: LED Array | C18: LEDOff | D18: Y | E18: Y | F18: Y | G18: Y
A19: 63177601-E8E2-4330-89D3-A4C5A7E228F5 | B19: LED Array | C19: PointGraph | D19: Y | E19: Y | F19: Y | G19: Y
A20: 63177601-E8E2-4330-89D3-A4C5A7E228F5 | B20: LED Array | C20: WriteValue | D20: Y | E20: Y | F20: Y | G20: Y
A21: 63177601-E8E2-4330-89D3-A4C5A7E228F5 | B21: LED Array | C21: AllOff | D21: Y | E21: Y | F21: Y | G21: Y
A23: 14683EA8-5A08-4B3A-BE2D-3DEA3E17E720 | B23: Pot Colour | C23: RawAverageByte | D23: Y | E23: Y | F23: Y | G23: Y | H23: BL0011 A6 Not working with switch on XTAL postion
A24: 14683EA8-5A08-4B3A-BE2D-3DEA3E17E720 | B24: Pot Colour | C24: RawAverageInt | D24: Y | E24: Y | F24: Y | G24: Y
A25: 14683EA8-5A08-4B3A-BE2D-3DEA3E17E720 | B25: Pot Colour | C25: RawSampleInt | D25: Y | E25: Y | F25: Y | G25: Y | H25: BL0061 not stable no matter what PLCK is selected.
A26: 14683EA8-5A08-4B3A-BE2D-3DEA3E17E720 | B26: Pot Colour | C26: RawSampleByte | D26: Y | E26: Y | F26: Y | G26: Y
A27: 14683EA8-5A08-4B3A-BE2D-3DEA3E17E720 | B27: Pot Colour | C27: GetString | D27: Y | E27: Y | F27: Y | G27: Y
A28: 14683EA8-5A08-4B3A-BE2D-3DEA3E17E720 | B28: Pot Colour | C28: GetByte | D28: Y | E28: Y | F28: Y | G28: Y
A29: 14683EA8-5A08-4B3A-BE2D-3DEA3E17E720 | B29: Pot Colour | C29: GetInt | D29: Y | E29: Y | F29: Y | G29: Y
A30: 14683EA8-5A08-4B3A-BE2D-3DEA3E17E720 | B30: Pot Colour | C30: GetVoltage | D30: Y | E30: Y | F30: Y | G30: Y
A31: 14683EA8-5A08-4B3A-BE2D-3DEA3E17E720 | B31: Pot Colour | C31: GetAverageByte | D31: Y | E31: Y | F31: Y | G31: Y
A32: 14683EA8-5A08-4B3A-BE2D-3DEA3E17E720 | B32: Pot Colour | C32: GetAverageInt | D32: Y | E32: Y | F32: Y | G32: Y
A33: 14683EA8-5A08-4B3A-BE2D-3DEA3E17E720 | B33: Pot Colour | C33: Ref+ | D33: Y | E33: N (Y Fixed) | F33: Y | G33: Y | H33: BL0061 Unable to assign Vref+ to a pin as its connected to VDD via a coil. ESP32 Vref should be about 1.1V. There is no difference to selcted VDD (Fixed).
C34: FVR | D34: Y | E34: N/A | F34: Y | H34: BL0011 No mention of FVR wihtin Tooltips. Redboard Vref option tooltips mentions Vref+ Pin When its AREF. ESP change tooltips from Vref+ pin to internal 1V
A36: 444fb704-814c-4707-a15c-759ba088505c | B36: PWM (Internal) | C36: SetDutyCycle
A37: 444fb704-814c-4707-a15c-759ba088505c | B37: PWM (Internal) | C37: SetDutyCycle10Bit | H37: Bl0061. in the ball park. 1500Hz was 1125Hz
A38: 444fb704-814c-4707-a15c-759ba088505c | B38: PWM (Internal) | C38: Set Frequency | G38: N | H38: BL0061 Set frequency produces 100% duty. All devices. Does not simulate.
A39: 444fb704-814c-4707-a15c-759ba088505c | B39: PWM (Internal) | C39: ChangePeriod | H39: Change peroid 19999,16 is 150Hz, was expecting 200Hz
A41: f4400e36-dd95-4472-86da-4bba68d68d5d | B41: Quad 7seg | C41: ShowDigit | D41: Y | G41: Y | H41: I have noticed that seg A dimly flashes on random occasions when multiplexing.
A42: f4400e36-dd95-4472-86da-4bba68d68d5d | B42: Quad 7seg | C42: ShowSegments | D42: Y | G42: Y
A43: 52c5383b-4f48-4029-8b75-c3633f7cf892 | B43: 7seg | C43: ShowDigit | D43: Y | G43: Y
A44: 52c5383b-4f48-4029-8b75-c3633f7cf893 | B44: 7seg | C44: ShowSegments | D44: Y | G44: Y | H44: I have noticed that seg A dimly flashes on random occasions when multiplexing.
C45: Clear Digit | D45: Y | G45: Y | H45: Defaults to Comm Cath and comm type low. Both should be in the opposite state.
A47: bcd6a955-12c6-4ed4-a22f-f16eb62e0762 | B47: Backpack I2C | C47: BacklightControl | D47: Y | E47: Y | F47: Y | G47: Y
A48: bcd6a955-12c6-4ed4-a22f-f16eb62e0763 | B48: Backpack I2C | C48: Clear | D48: Y | E48: Y | F48: Y | G48: Y
A49: bcd6a955-12c6-4ed4-a22f-f16eb62e0764 | B49: Backpack I2C | C49: ClearLine | D49: Y | E49: Y | F49: Y | G49: Y
A50: bcd6a955-12c6-4ed4-a22f-f16eb62e0765 | B50: Backpack I2C | C50: Command | D50: Y | E50: Y | F50: Y | G50: Y | H50: command 1 used to clear the display - Not simulated.
A51: bcd6a955-12c6-4ed4-a22f-f16eb62e0766 | B51: Backpack I2C | C51: Cursor | D51: Y | E51: Y | F51: Y | G51: Y
A52: bcd6a955-12c6-4ed4-a22f-f16eb62e0767 | B52: Backpack I2C | C52: PrintAscii | D52: Y | E52: Y | F52: Y | G52: Y
A53: bcd6a955-12c6-4ed4-a22f-f16eb62e0768 | B53: Backpack I2C | C53: PrintFloat | D53: Y | E53: Y | F53: Y | G53: Y
A54: bcd6a955-12c6-4ed4-a22f-f16eb62e0769 | B54: Backpack I2C | C54: PrintFormattedNumber | D54: Y | E54: Y | F54: Y | G54: Y
A55: bcd6a955-12c6-4ed4-a22f-f16eb62e0770 | B55: Backpack I2C | C55: PrintNumber | D55: Y | E55: Y | F55: Y | G55: Y
A56: bcd6a955-12c6-4ed4-a22f-f16eb62e0771 | B56: Backpack I2C | C56: PrintString | D56: Y | E56: Y | F56: Y | G56: Y
A57: bcd6a955-12c6-4ed4-a22f-f16eb62e0772 | B57: Backpack I2C | C57: RAMWrite | D57: Y | E57: Y | F57: Y | G57: Y | H57: Does work but clears the whole display.
A58: bcd6a955-12c6-4ed4-a22f-f16eb62e0773 | B58: Backpack I2C | C58: RemapCharacter
A59: bcd6a955-12c6-4ed4-a22f-f16eb62e0774 | B59: Backpack I2C | C59: ScrollDisplay | D59: N | E59: N | F59: N | G59: N | H59: Simulation does not work for scrolling Hardware is working OK.
A60: bcd6a955-12c6-4ed4-a22f-f16eb62e0775 | B60: Backpack I2C | C60: SetI2CAddress | D60: N | E60: N | F60: N | G60: N | H60: SetAddress does not work if placed After Start! Requires a ToolTip change
A61: bcd6a955-12c6-4ed4-a22f-f16eb62e0776 | B61: Backpack I2C | C61: Start | D61: Y | E61: Y | G61: Y
A62: bcd6a955-12c6-4ed4-a22f-f16eb62e0777 | B62: Backpack I2C | C62: Software Mode | D62: Y | E62: Y | F62: Y | G62: Y | I62: Int Val > | J62: 5432
A63: bcd6a955-12c6-4ed4-a22f-f16eb62e0778 | B63: Backpack I2C | C63: Simulate Comms | D63: Y | E63: Y | F63: Y | G63: Y | I63: =MSB> | J63: 21
A64: bcd6a955-12c6-4ed4-a22f-f16eb62e0779 | B64: Backpack I2C | C64: API Tested | I64: =LSB> | J64: 56
B66: Master I2C | C66: N/A | D66: Y | E66: Y | F66: Y | G66: Y | H66: As Backpack uses I2C this was a good test.
A68: DCBF571F-A6FA-402D-BDD4-BE00CCA4070F | B68: EEPROM | C68: Read | D68: Y | E68: Y | F68: Y | G68: N/A
A69: DCBF571F-A6FA-402D-BDD4-BE00CCA4070F | B69: EEPROM | C69: ReadByte | D69: Y | E69: Y | F69: Y | G69: N/A
A70: DCBF571F-A6FA-402D-BDD4-BE00CCA4070F | B70: EEPROM | C70: ReadFloat | D70: Y | E70: N | F70: Y | G70: N/A
A71: DCBF571F-A6FA-402D-BDD4-BE00CCA4070F | B71: EEPROM | C71: ReadInt | D71: N | E71: Y | F71: Y | G71: N/A
A72: DCBF571F-A6FA-402D-BDD4-BE00CCA4070F | B72: EEPROM | C72: ReadLong | D72: Y | E72: Y | F72: Y | G72: N/A
A73: DCBF571F-A6FA-402D-BDD4-BE00CCA4070F | B73: EEPROM | C73: ReadString | D73: Y | E73: Y | F73: Y | G73: N/A
A74: DCBF571F-A6FA-402D-BDD4-BE00CCA4070F | B74: EEPROM | C74: Write | D74: Y | E74: Y | F74: Y | G74: N/A
A75: DCBF571F-A6FA-402D-BDD4-BE00CCA4070F | B75: EEPROM | C75: WriteByte | D75: Y | E75: Y | F75: Y | G75: N/A
A76: DCBF571F-A6FA-402D-BDD4-BE00CCA4070F | B76: EEPROM | C76: WriteFloat | D76: Y | E76: N | F76: Y | G76: N/A
A77: DCBF571F-A6FA-402D-BDD4-BE00CCA4070F | B77: EEPROM | C77: WritedInt | D77: N | E77: Y | F77: Y | G77: N/A
A78: DCBF571F-A6FA-402D-BDD4-BE00CCA4070F | B78: EEPROM | C78: WriteLong | D78: N | E78: Y | F78: Y | G78: N/A
A79: DCBF571F-A6FA-402D-BDD4-BE00CCA4070F | B79: EEPROM | C79: WriteString | D79: N | E79: Y | F79: Y | G79: N/A
A81: 9202A62E-0A42-4780-ADCE-16B701E5EC53 | B81: Servo Motor Controller | C81: AutoMoveToPosition | D81: N | G81: Y | H81: BL0011. & RedBoard. AutoMoveToPosition 0 Kills all pulses in all servo if used with SetAutoMove 4. Channels It looks like return does not change to 0 when complete. The pulse width keeps narrower until it complety has vanished.
A82: 9202A62E-0A42-4780-ADCE-16B701E5EC54 | B82: Servo Motor Controller | C82: AutoMoveToPositionInt | D82: N | G82: Y | H82: BL0011. & RedBoard. AutoMoveToPositionInt 0 Kills all pulses in all servo Channels It looks like return does not change to 0 when complete. The pulse width keeps narrower until it complety has vanished.
A83: 9202A62E-0A42-4780-ADCE-16B701E5EC55 | B83: Servo Motor Controller | C83: DisableServo | D83: Y | F83: Y | G83: Y
A84: 9202A62E-0A42-4780-ADCE-16B701E5EC56 | B84: Servo Motor Controller | C84: EnableServo | D84: Y | E84: N | F84: Y | G84: Y | H84: ESP32 Pulse not present un a relivent channel has a move command.
A85: 9202A62E-0A42-4780-ADCE-16B701E5EC57 | B85: Servo Motor Controller | C85: Initilise | D85: Y | F85: Y | G85: Y
A86: 9202A62E-0A42-4780-ADCE-16B701E5EC58 | B86: Servo Motor Controller | C86: IsAutoMoving | E86: N | F86: Y | G86: Y | H86: Not changing the retun value to 1. I believe it could be the pulse is ont stable?
A87: 9202A62E-0A42-4780-ADCE-16B701E5EC59 | B87: Servo Motor Controller | C87: IsServoAutoMoving | D87: ? | G87: Y
A88: 9202A62E-0A42-4780-ADCE-16B701E5EC60 | B88: Servo Motor Controller | C88: MoveToPosiiton | D88: Y | F88: Y | G88: Y
A89: 9202A62E-0A42-4780-ADCE-16B701E5EC61 | B89: Servo Motor Controller | C89: MoveToPosiitonINT | F89: N | G89: Y
A90: 9202A62E-0A42-4780-ADCE-16B701E5EC62 | B90: Servo Motor Controller | C90: SetAutoMoveSpeed | F90: N | G90: Y | H90: Causes issues with autoMove
A91: 9202A62E-0A42-4780-ADCE-16B701E5EC63 | B91: Servo Motor Controller | C91: SetAutoMoveSpeedInt | F91: N | G91: Y
A92: 9202A62E-0A42-4780-ADCE-16B701E5EC64 | B92: Servo Motor Controller | C92: SetPosition | G92: Y
A93: 9202A62E-0A42-4780-ADCE-16B701E5EC65 | B93: Servo Motor Controller | C93: SetPositionInt | G93: Y
A94: 9202A62E-0A42-4780-ADCE-16B701E5EC66 | B94: Servo Motor Controller | C94: SetTrim | G94: ? | H94: Does not appear to change the pulse width MoveToPosiitonINT 0
A95: 9202A62E-0A42-4780-ADCE-16B701E5EC67 | B95: Servo Motor Controller | C95: Properties Min us | F95: Y
A96: 9202A62E-0A42-4780-ADCE-16B701E5EC68 | B96: Servo Motor Controller | C96: Properties Max us | F96: Y
A97: 9202A62E-0A42-4780-ADCE-16B701E5EC69
A98: 9202A62E-0A42-4780-ADCE-16B701E5EC70 | B98: LCD Generic 20x4 (BL0169) | C98: Clear
A99: 9202A62E-0A42-4780-ADCE-16B701E5EC71 | B99: LCD Generic 20x4 (BL0169) | C99: ClearLine
A100: 9202A62E-0A42-4780-ADCE-16B701E5EC72 | B100: LCD Generic 20x4 (BL0169) | C100: Command
A101: 9202A62E-0A42-4780-ADCE-16B701E5EC73 | B101: LCD Generic 20x4 (BL0169) | C101: Cursor
A102: 9202A62E-0A42-4780-ADCE-16B701E5EC74 | B102: LCD Generic 20x4 (BL0169) | C102: PrintAscii
A103: 9202A62E-0A42-4780-ADCE-16B701E5EC75 | B103: LCD Generic 20x4 (BL0169) | C103: PrintFloat
A104: 9202A62E-0A42-4780-ADCE-16B701E5EC76 | B104: LCD Generic 20x4 (BL0169) | C104: PrintFormattedNumber
A105: 9202A62E-0A42-4780-ADCE-16B701E5EC77 | B105: LCD Generic 20x4 (BL0169) | C105: PrintNumber
A106: 9202A62E-0A42-4780-ADCE-16B701E5EC78 | B106: LCD Generic 20x4 (BL0169) | C106: PrintString
B107: LCD Generic 20x4 (BL0169) | C107: RAMWrite
B108: LCD Generic 20x4 (BL0169) | C108: RemapCharacter
...

Sheet Components Data Source
A1: Name | B1: GUID | C1: FCPX Name | D1: Source | E1: ComponentPack | F1: Cat0 | G1: Cat1 | H1: Cat2 | I1: Peripherals | J1: Dynamic | K1: Embedded | L1: AppDeveloper | M1: URL
A2: DAC (AD5662) | B2: 3D87FFE9-97C1-4013-A2CD-82C24D0CCB48 | C2: ADC_AD5662.fcpx | D2: Components\IO_Source\outputs\DAC_AD5662.fcfx | E2: COMMSA | F2: ANALOG OUTPUT | I2: SPI | J2: 1 | K2: 1 | L2: 0 | M2: https://www.flowcode.co.uk/wiki/index.php?title=Component:_ID_3d87ffe9_97c1_4013_a2cd_82c24d0ccb48
A3: ADC (AD7680) | B3: 937E425E-21C0-4B08-8D8F-0BF80A6391D2 | C3: ADC_AD7680.fcpx | D3: Components\IO_Source\adc\ExternalADC_AD7680.fcfx | E3: COMMSA | F3: ANALOG INPUT | I3: SPI | J3: 1 | K3: 1 | L3: 0 | M3: https://www.flowcode.co.uk/wiki/index.php?title=Component:_ID_937e425e_21c0_4b08_8d8f_0bf80a6391d2
A4: DSP Audio Input (EB085) | B4: 87D8BAD5-6392-41FB-B370-D9B2C0F8F13F | C4: ADC_EB085.fcpx | D4: Components\IO_Source\adc\ExternalADC_AD7680_EB085.fcfx | E4: COMMSA | F4: E-BLOCKS 1 | I4: SPI | J4: 1 | K4: 1 | L4: 0 | M4: https://www.flowcode.co.uk/wiki/index.php?title=Component:_ID_87d8bad5_6392_41fb_b370_d9b2c0f8f13f
A5: ADC (MCP356X) | B5: 235FD689-BFD1-4C4A-A918-6C3C36E9A49F | C5: ADC_MCP356X.fcpx | D5: Components\IO_Source\adc\ExternalADC_MCP356X.fcfx | E5: FREE | F5: ANALOG INPUT | I5: SPI | J5: 1 | K5: 1 | L5: 0 | M5: https://www.flowcode.co.uk/wiki/index.php?title=Component:_ID_235fd689_bfd1_4c4a_a918_6c3c36e9a49f
A6: Infrared Array AMG88xx | B6: E1D52EFB-00D4-4E19-BA4C-29B292535EA1 | C6: AMG88xx.fcpx | D6: Components\IO_Source\Sensors\AMG88.fcfx | E6: SENSORS | F6: LIGHT | I6: I2C | J6: 1 | K6: 1 | L6: 1 | M6: https://www.flowcode.co.uk/wiki/index.php?title=Component:_ID_e1d52efb_00d4_4e19_ba4c_29b292535ea1
A7: Accelerometer(EB068) | B7: B81925B1-7504-4D77-AC90-3A4FA700FCC4 | C7: Accelerometer_EB068.fcpx | D7: Components\IO_Source\Sensors\Accelerometer_EB068.fcfx | E7: SENSORS | F7: E-BLOCKS 1 | I7: SPI I2C | J7: 1 | K7: 1 | L7: 0 | M7: https://www.flowcode.co.uk/wiki/index.php?title=Component:_ID_b81925b1_7504_4d77_ac90_3a4fa700fcc4
A8: Accelerometer 3-Axis(LIS3LV02DQ) | B8: 72F0A8C3-2B8F-4723-B22A-4A81873E5151 | C8: Accelerometer_LIS3LV02DQ.fcpx | D8: Components\IO_Source\Sensors\Accelerometer_LIS3LV0DQ.fcfx | E8: SENSORS | F8: MOVEMENT &AMP; ORIENTATION | I8: SPI I2C | J8: 1 | K8: 1 | L8: 1 | M8: https://www.flowcode.co.uk/wiki/index.php?title=Component:_ID_72f0a8c3_2b8f_4723_b22a_4a81873e5151
A9: Accelerometer 3-Axis(MMA8452Q) | B9: 2C716005-E9B5-46E3-86F9-30E5268341A9 | C9: Accelerometer_MMA8452Q.fcpx | D9: Components\IO_Source\Sensors\Accelerometer_MMA8452Q.fcfx | E9: SENSORS | F9: MOVEMENT &AMP; ORIENTATION | I9: SPI I2C | J9: 1 | K9: 1 | L9: 1 | M9: https://www.flowcode.co.uk/wiki/index.php?title=Component:_ID_2c716005_e9b5_46e3_86f9_30e5268341a9
A10: Ambient Light(BH1750FVI) | B10: E08872A7-6962-4B61-BCCA-71389F8ED8D7 | C10: AmbientLight.fcpx | D10: Components\IO_Source\Sensors\AmbientLight_BH1750FVI.fcfx | E10: SENSORS | F10: LIGHT | I10: I2C | J10: 1 | K10: 1 | L10: 0 | M10: https://www.flowcode.co.uk/wiki/index.php?title=Component:_ID_e08872a7_6962_4b61_bcca_71389f8ed8d7
A11: Area Chart | B11: A907D905-5879-48F3-9ADD-369A2F4E164F | C11: AreaChart.fcpx | D11: Components\IO_Source\2dGDI\ChartArea.fcfx | E11: FREE | F11: CHARTS | G11: CHARTS | J11: 1 | K11: 1 | L11: 1 | M11: https://www.flowcode.co.uk/wiki/index.php?title=Component:_ID_a907d905_5879_48f3_9add_369a2f4e164f
A12: Auto Version Identifier | B12: 1911D96C-78DD-414A-B23C-6691FB19F63F | C12: AutoVersionID.fcpx | D12: Components\IO_Source\AutoVersionID.fcfx | E12: STORAGE | F12: STORAGE | J12: 1 | K12: 1 | L12: 1 | M12: https://www.flowcode.co.uk/wiki/index.php?title=Component:_ID_1911d96c_78dd_414a_b23c_6691fb19f63f
A13: BBC News | B13: 72CD9559-26F7-4FFD-984C-CF3A82A6DB16 | C13: BBCNews.fcpx | D13: Components\IO_Source\IoT\BBCNews.fcfx | E13: COMMSC | F13: COMMS: IOT/CLOUD | J13: 1 | K13: 1 | L13: 1 | M13: https://www.flowcode.co.uk/wiki/index.php?title=Component:_ID_72cd9559_26f7_4ffd_984c_cf3a82a6db16
A14: BBC Weather Observation | B14: BF90426C-1763-4A7A-BE5C-B3E442E3F6D8 | C14: BBCWeather.fcpx | D14: Components\IO_Source\IoT\BBCWeatherObservation.fcfx | E14: COMMSC | F14: COMMS: IOT/CLOUD | J14: 1 | K14: 1 | L14: 1 | M14: https://www.flowcode.co.uk/wiki/index.php?title=Component:_ID_bf90426c_1763_4a7a_be5c_b3e442e3f6d8
A15: BBC Weather Forecast | B15: DF96FFA1-4D36-453A-8877-758F68A2676C | C15: BBCWeatherForecast.fcpx | D15: Components\IO_Source\IoT\BBCWeatherForecast.fcfx | E15: COMMSC | F15: COMMS: IOT/CLOUD | J15: 1 | K15: 1 | L15: 1 | M15: https://www.flowcode.co.uk/wiki/index.php?title=Component:_ID_df96ffa1_4d36_453a_8877_758f68a2676c
A16: Bar Chart | B16: 60B296CD-5B02-4C9C-9239-CCA36238F480 | C16: BarChart.fcpx | D16: Components\IO_Source\2dGDI\ChartBar.fcfx | E16: FREE | F16: CHARTS | G16: CHARTS | J16: 1 | K16: 1 | L16: 1 | M16: https://www.flowcode.co.uk/wiki/index.php?title=Component:_ID_60b296cd_5b02_4c9c_9239_cca36238f480
A17: Barometer (DPS310) | B17: CA60C1D2-FB77-4E3E-9D01-C4496D35DB1E | C17: Barometer_DPS310.fcpx | D17: Components\IO_Source\Sensors\Pressure_Sensor_DPS310.fcfx | E17: SENSORS | F17: ENVIRONMENTAL | I17: I2C | J17: 1 | K17: 1 | L17: 1 | M17: https://www.flowcode.co.uk/wiki/index.php?title=Component:_ID_ca60c1d2_fb77_4e3e_9d01_c4496d35db1e
A18: Base2dChart | B18: 1286CA5C-6453-4A92-9CCE-C6BA47457A69 | C18: Base2dChart.fcpx | D18: Components\IO_Source\2dGDI\Base2dChart.fcfx | E18: FREE | F18: DEVELOPMENT | J18: 1 | K18: 1 | L18: 1 | M18: https://www.flowcode.co.uk/wiki/index.php?title=Component:_ID_1286ca5c_6453_4a92_9cce_c6ba47457a69
A19: Base2dGauge | B19: B9285F96-06E8-4CDD-B0E2-A413F5150F1A | C19: Base2dGauge.fcpx | D19: Components\IO_Source\2dGDI\Base2dGauge.fcfx | E19: FREE | F19: DEVELOPMENT | J19: 1 | K19: 1 | L19: 1 | M19: https://www.flowcode.co.uk/wiki/index.php?title=Component:_ID_b9285f96_06e8_4cdd_b0e2_a413f5150f1a
A20: Base2dObject | B20: E11146D4-2D40-4BE6-95CC-FBBDF8338C25 | C20: Base2dObject.fcpx | D20: Components\IO_Source\2dGDI\Base2dObject.fcfx | E20: FREE | F20: DEVELOPMENT | J20: 1 | K20: 1 | L20: 1 | M20: https://www.flowcode.co.uk/wiki/index.php?title=Component:_ID_e11146d4_2d40_4be6_95cc_fbbdf8338c25
A21: Base2dStatic | B21: 6E425786-81B6-4F40-AC24-6C674BFFE958 | C21: Base2dStatic.fcpx | D21: Components\IO_Source\2dGDI\Base2dStatic.fcfx | E21: FREE | F21: DEVELOPMENT | J21: 1 | K21: 1 | L21: 1 | M21: https://www.flowcode.co.uk/wiki/index.php?title=Component:_ID_6e425786_81b6_4f40_ac24_6c674bffe958
A22: Base 64 | B22: A78483E1-B293-47E7-984C-55984FC93571 | C22: Base64.fcpx | D22: Components\IO_Source\Storage\Base64.fcfx | E22: COMMSC | F22: STORAGE | G22: STORAGE | J22: 1 | K22: 1 | L22: 1 | M22: https://www.flowcode.co.uk/wiki/index.php?title=Component:_ID_a78483e1_b293_47e7_984c_55984fc93571
A23: GLCD Base | B23: 4384CBA9-0BEA-4359-8C5B-DCD046AA7778 | C23: Base_GLCD.fcpx | D23: Components\IO_Source\displays\glcd_base.fcfx | E23: FREE | F23: GRAPHICAL | J23: 1 | K23: 1 | L23: 1 | M23: https://www.flowcode.co.uk/wiki/index.php?title=Component:_ID_4384cba9_0bea_4359_8c5b_dcd046aa7778
A24: Basic IO Shield PCB | B24: 0CC9193A-1F8B-4D22-85D0-952B37C40B25 | C24: BasicIOShieldPCB.fcpx | D24: Components\IO_Source\PCBs\BasicIOShieldPCBCompSource.fcfx | E24: FREE | F24: MISC | J24: 0 | M24: https://www.flowcode.co.uk/wiki/index.php?title=Component:_ID_0cc9193a_1f8b_4d22_85d0_952b37c40b25
A25: Bevel | B25: B71C1512-A4C6-4887-A443-1ECF08D14D64 | C25: Bevel2d.fcpx | D25: Components\IO_Source\2dGDI\bevel2d.fcfx | E25: FREE | F25: 2D SHAPES | J25: 1 | K25: 1 | L25: 1 | M25: https://www.flowcode.co.uk/wiki/index.php?title=Component:_ID_b71c1512_a4c6_4887_a443_1ecf08d14d64
A26: GLCD Bitmap Drawer ROM | B26: 52DD90BD-FEC9-4EE5-934C-E4B2297168A5 | C26: BitmapDrawer.fcpx | D26: Components\IO_Source\displays\GLCD_Draw_Bitmap.fcfx | E26: DISPLAYS | F26: GRAPHICAL LIBRARY | J26: 1 | K26: 1 | L26: 0 | M26: https://www.flowcode.co.uk/wiki/index.php?title=Component:_ID_52dd90bd_fec9_4ee5_934c_e4b2297168a5
A27: GLCD Bitmap Drawer FAT | B27: B02B7C75-53CB-4BE4-871F-61BE633D898C | C27: BitmapDrawerFAT.fcpx | D27: Components\IO_Source\displays\GLCD_Draw_Bitmap_FAT.fcfx | E27: STORAGE | F27: GRAPHICAL LIBRARY | J27: 1 | K27: 1 | L27: 0 | M27: https://www.flowcode.co.uk/wiki/index.php?title=Component:_ID_b02b7c75_53cb_4be4_871f_61be633d898c
A28: Bluetooth v2 (EB024 Generic AT) | B28: 76B3EB5C-2D23-4C8D-BDE8-505032BC886A | C28: Bluetooth2.fcpx | D28: Components\IO_Source\Bluetooth_V2.fcfx | E28: COMMSB | F28: WIRELESS | I28: UART | J28: 1 | K28: 1 | L28: 0 | M28: https://www.flowcode.co.uk/wiki/index.php?title=Component:_ID_76b3eb5c_2d23_4c8d_bde8_505032bc886a
A29: Bluetooth(BL0170) | B29: 5F9D5A58-6C01-4588-AFA0-DF4C01CE161A | C29: BluetoothBL0170.fcpx | D29: Components\IO_Source\EB2\EBlocks2_Bluetooth_RN4677_BL0170.fcfx | E29: COMMSB | F29: E-BLOCKS 2 | I29: UART | J29: 1 | K29: 1 | L29: 0 | M29: https://www.flowcode.co.uk/wiki/index.php?title=Component:_ID_5f9d5a58_6c01_4588_afa0_df4c01ce161a
A30: Bluetooth(RN4677) | B30: 0C7DF3FC-A46F-4712-8CD3-77079978F4FC | C30: BluetoothRN4677.fcpx | D30: Components\IO_Source\Bluetooth_RN4677.fcfx | E30: COMMSB | F30: WIRELESS | I30: UART | J30: 1 | K30: 1 | L30: 0 | M30: https://www.flowcode.co.uk/wiki/index.php?title=Component:_ID_0c7df3fc_a46f_4712_8cd3_77079978f4fc
A31: Bluetooth (HC05 / HC06) | B31: A8DBE015-0985-4581-ABD5-1CC44F576FAB | C31: Bluetooth_HC05.fcpx | D31: Components\IO_Source\BTHC05.fcfx | E31: COMMSB | F31: WIRELESS | I31: UART | J31: 1 | K31: 1 | L31: 0 | M31: https://www.flowcode.co.uk/wiki/index.php?title=Component:_ID_a8dbe015_0985_4581_abd5_1cc44f576fab
A32: Bluetooth (ESP32 SPP) | B32: 8BE2CE64-4860-468A-AA8A-EAC443274DA3 | C32: Bluetooth_SPP_ESP32.fcpx | D32: Components\IO_Source\Bluetooth_ESP32_SPP.fcfx | E32: FREE | F32: WIRELESS | J32: 1 | K32: 1 | L32: 0 | M32: https://www.flowcode.co.uk/wiki/index.php?title=Component:_ID_8be2ce64_4860_468a_aa8a_eac443274da3
A33: Brushless Motor (Standard) | B33: DC99E179-216F-4618-AEE7-3F5F87541A9D | C33: BrushlessMotor.fcpx | D33: Components\IO_Source\mechatronics\BrushlessMotor.fcfx | E33: MECHATRONICS | J33: 1 | K33: 1 | L33: 0 | M33: https://www.flowcode.co.uk/wiki/index.php?title=Component:_ID_dc99e179_216f_4618_aee7_3f5f87541a9d
A34: Bubble Chart | B34: 5D52E8A2-F248-4318-A0AC-E7B9503237CF | C34: BubbleChart.fcpx | D34: Components\IO_Source\2dGDI\ChartBubble.fcfx | E34: FREE | F34: CHARTS | G34: CHARTS | J34: 1 | K34: 1 | L34: 1 | M34: https://www.flowcode.co.uk/wiki/index.php?title=Component:_ID_5d52e8a2_f248_4318_a0ac_e7b9503237cf
A35: Buzzer | B35: 04BBD3B8-EE11-40EB-91E8-1BBBD6F65B8C | C35: Buzzer.fcpx | D35: Components\IO_Source\outputs\Buzzer.fcfx | E35: BASICIO | F35: AUDIO OUTPUT | J35: 1 | K35: 1 | L35: 0 | M35: https://www.flowcode.co.uk/wiki/index.php?title=Component:_ID_04bbd3b8_ee11_40eb_91e8_1bbbd6f65b8c
A36: CAN (Internal MCP2515) | B36: DA332928-6342-4C2C-AFC7-EAF33917D33E | C36: CAN.fcpx | D36: Components\IO_Source\CAN.fcfx | E36: COMMSA | F36: COMMS: INTERFACE | G36: COMMS: INTERFACE | I36: CAN SPI | J36: 1 | K36: 1 | L36: 1 | M36: https://www.flowcode.co.uk/wiki/index.php?title=Component:_ID_da332928_6342_4c2c_afc7_eaf33917d33e
A37: CNC Machine | B37: 93252F96-A8E5-4D65-8C40-11614BB15B52 | C37: CNCMachine.fcpx | D37: Components\IO_Source\mechatronics\Electro Mechanical\CNC Source Files\CNCComponent_v002.fcfx | E37: MODELS | F37: SCENARIOS | J37: 1 | M37: https://www.flowcode.co.uk/wiki/index.php?title=Component:_ID_93252f96_a8e5_4d65_8c40_11614bb15b52
A38: COM Port | B38: CBB3C28E-2D73-4442-AC52-23A3B45D9870 | C38: COMPort.fcpx | D38: Components\IO_Source\Serial_DLL.fcfx | E38: FREE | F38: RUNTIME TOOLS | G38: COMMS: INTERFACE | J38: 1 | K38: 1 | L38: 1 | M38: https://www.flowcode.co.uk/wiki/index.php?title=Component:_ID_cbb3c28e_2d73_4442_ac52_23a3b45d9870
A39: CSV Read/Write | B39: 7D0C33A1-0AAA-4250-84BB-F96FC113ABAC | C39: CSV_Writer.fcpx | D39: Components\IO_Source\SCADA\CSV_Writer.fcfx | E39: FREE | F39: RUNTIME TOOLS | G39: STORAGE | J39: 1 | K39: 1 | L39: 1 | M39: https://www.flowcode.co.uk/wiki/index.php?title=Component:_ID_7d0c33a1_0aaa_4250_84bb_f96fc113abac
A40: Car Seat | B40: FDE30DE0-35ED-40CA-937A-88DA6409C1D2 | C40: CarSeat.fcpx | D40: Components\IO_Source\mechatronics\Electro Mechanical\Car Seat Source Files\CarSeatSource_v004.fcfx | E40: MODELS | F40: SCENARIOS | J40: 1 | M40: https://www.flowcode.co.uk/wiki/index.php?title=Component:_ID_fde30de0_35ed_40ca_937a_88da6409c1d2
A41: XY Chart | B41: 0187D13D-8822-4E75-AB22-474C7058EBE4 | C41: Chart_XY.fcpx | D41: Components\IO_Source\2dGDI\ChartXY.fcfx | E41: FREE | F41: CHARTS | G41: CHARTS | J41: 1 | K41: 1 | L41: 1 | M41: https://www.flowcode.co.uk/wiki/index.php?title=Component:_ID_0187d13d_8822_4e75_ab22_474c7058ebe4
A42: Target Chip | B42: 3D632CD0-B8CB-4CA0-8F7A-59F88AC02FA3 | C42: ChipComponent.fcpx | D42: Components\IO_Source\ChipComponent.fcfx | E42: FREE | F42: ADVANCED SHAPES | J42: 1 | M42: https://www.flowcode.co.uk/wiki/index.php?title=Component:_ID_3d632cd0_b8cb_4ca0_8f7a_59f88ac02fa3
A43: Circular Buffer (8-bit) | B43: C34F9B8A-A915-4F75-AD0C-87F2AD670A8A | C43: CircularBuffer.fcpx | D43: Components\IO_Source\Storage\CircularBuffer.fcfx | E43: FREE | F43: STORAGE | G43: STORAGE | J43: 1 | K43: 1 | L43: 1 | M43: https://www.flowcode.co.uk/wiki/index.php?title=Component:_ID_c34f9b8a_a915_4f75_ad0c_87f2ad670a8a
A44: Circular Buffer (16-bit) | B44: 201D99F7-ACF8-481D-A703-61860C2BA3EA | C44: CircularBuffer16.fcpx | D44: Components\IO_Source\Storage\CircularBuffer16.fcfx | E44: STORAGE | F44: STORAGE | G44: STORAGE | J44: 1 | K44: 1 | L44: 1 | M44: https://www.flowcode.co.uk/wiki/index.php?title=Component:_ID_201d99f7_acf8_481d_a703_61860c2ba3ea
A45: Circular Buffer (Float) | B45: ED491C82-9F85-4627-93CE-D2B588352539 | C45: CircularBufferFloat.fcpx | D45: Components\IO_Source\Storage\CircularBufferFloat.fcfx | E45: STORAGE | F45: STORAGE | G45: STORAGE | J45: 1 | K45: 1 | L45: 1 | M45: https://www.flowcode.co.uk/wiki/index.php?title=Component:_ID_ed491c82_9f85_4627_93ce_d2b588352539
A46: Circular Gauge | B46: 995FA4F2-71CE-4D91-AA62-87F731AE7E7D | C46: CircularGauge.fcpx | D46: Components\IO_Source\2dGDI\CircularGauge.fcfx | E46: FREE | F46: INDICATORS | G46: INDICATORS | J46: 1 | K46: 1 | L46: 1 | M46: https://www.flowcode.co.uk/wiki/index.php?title=Component:_ID_995fa4f2_71ce_4d91_aa62_87f731ae7e7d
A47: Circular Knob | B47: A11AA47B-7C82-4DAD-B62D-B1A263E2A4FE | C47: CircularKnob.fcpx | D47: Components\IO_Source\2dGDI\CircularKnob.fcfx | E47: FREE | F47: CONTROLS | G47: CONTROLS | J47: 1 | K47: 1 | L47: 1 | M47: https://www.flowcode.co.uk/wiki/index.php?title=Component:_ID_a11aa47b_7c82_4dad_b62d_b1a263e2a4fe
A48: Colour Sensor(TCS3200) | B48: D8B85F99-8DE3-41DD-9BAB-F8BFC19E74AF | C48: ColourSensor_TCS3200.fcpx | D48: Components\IO_Source\Sensors\Colour_TCS3200.fcfx | E48: SENSORS | F48: LIGHT | J48: 1 | K48: 1 | L48: 0 | M48: https://www.flowcode.co.uk/wiki/index.php?title=Component:_ID_d8b85f99_8de3_41dd_9bab_f8bfc19e74af
A49: Column Chart | B49: BA8897FE-8349-47B3-9072-E823E74131AF | C49: ColumnChart.fcpx | D49: Components\IO_Source\2dGDI\ChartColumn.fcfx | E49: FREE | F49: CHARTS | G49: CHARTS | J49: 1 | K49: 1 | L49: 1 | M49: https://www.flowcode.co.uk/wiki/index.php?title=Component:_ID_ba8897fe_8349_47b3_9072_e823e74131af
A50: Combo Board(EB083) | B50: 9A7D4E50-8D7E-4C5E-9A93-7948AB47EDAD | C50: ComboBoard.fcpx | D50: Components\IO_Source\ComboBoard\EB086 DEMO.fcfx | E50: FREE | F50: E-BLOCKS 1 | J50: 1 | K50: 1 | L50: 0 | M50: https://www.flowcode.co.uk/wiki/index.php?title=Component:_ID_9a7d4e50_8d7e_4c5e_9a93_7948ab47edad
A51: Combo(BL0114) | B51: D4C04AC8-BBCD-4981-8CE6-9D6C9BB1E26A | C51: ComboBoardBL0114.fcpx | D51: Components\IO_Source\EB2\EBlocks2_COMBO_BL0114.fcfx | E51: FREE | F51: E-BLOCKS 2 | J51: 1 | K51: 1 | L51: 0 | M51: https://www.flowcode.co.uk/wiki/index.php?title=Component:_ID_d4c04ac8_bbcd_4981_8ce6_9d6c9bb1e26a
A52: Panel Console Viewer | B52: 06DB27A4-C20A-4371-B05E-7CDB55556859 | C52: ConsoleTextViewer.fcpx | D52: Components\IO_Source\SCADA\ConsoleText.fcfx | E52: FREE | F52: RUNTIME TOOLS | G52: INDICATORS | J52: 1 | K52: 1 | L52: 1 | M52: https://www.flowcode.co.uk/wiki/index.php?title=Component:_ID_06db27a4_c20a_4371_b05e_7cdb55556859
A53: Console Writer | B53: 940E39A6-D035-4E43-8DBB-455EE4679066 | C53: ConsoleWriter.fcpx | D53: Components\IO_Source\SCADA\ConsoleWriter.fcfx | E53: FREE | F53: INDICATORS | G53: INDICATORS | J53: 1 | K53: 1 | L53: 1 | M53: https://www.flowcode.co.uk/wiki/index.php?title=Component:_ID_940e39a6_d035_4e43_8dbb_455ee4679066
A54: Control | B54: BD23228F-B173-4135-AB3B-A4C3C4CAA7A8 | C54: Control.fcpx | D54: Components\IO_Source\Control_ComponentSource.fcsx | E54: FREE | F54: ALLCODE | J54: 1 | K54: 0 | L54: 1 | M54: https://www.flowcode.co.uk/wiki/index.php?title=Component:_ID_bd23228f_b173_4135_ab3b_a4c3c4caa7a8
A55: Coupling | B55: 83C095CC-FEFC-4854-A7C5-7FE867753BF4 | C55: Coupling.fcpx | D55: Components\IO_Source\mechatronics\Coupling.fcfx | E55: MECHATRONICS | F55: MECHATRONICS | J55: 1 | K55: 1 | L55: 0 | M55: https://www.flowcode.co.uk/wiki/index.php?title=Component:_ID_83c095cc_fefc_4854_a7c5_7fe867753bf4
A56: Curiosity PCB | B56: 8D419CD0-3404-4BEE-8049-22ACCC2C815B | C56: CuriosityPCB.fcpx | D56: Components\IO_Source\PCBs\CuriosityComponentPCBSource.fcfx | E56: FREE | F56: MISC | J56: 0 | M56: https://www.flowcode.co.uk/wiki/index.php?title=Component:_ID_8d419cd0_3404_4bee_8049_22accc2c815b
A57: DSP Audio Output (EB086) | B57: E83923B3-994A-41C9-B277-5B107AB6E1DD | C57: DAC_EB086.fcpx | D57: Components\IO_Source\outputs\DAC_AD5662_EB086.fcfx | E57: COMMSA | F57: E-BLOCKS 1 | I57: SPI | J57: 1 | K57: 1 | L57: 0 | M57: https://www.flowcode.co.uk/wiki/index.php?title=Component:_ID_e83923b3_994a_41c9_b277_5b107ab6e1dd
A58: DAC (MCP4725) | B58: E78D88A0-E132-4F82-988D-59353009B669 | C58: DAC_MCP4725.fcpx | D58: Components\IO_Source\outputs\DAC_MCP4725.fcfx | E58: COMMSA | F58: ANALOG OUTPUT | I58: I2C | J58: 1 | K58: 1 | L58: 0 | M58: https://www.flowcode.co.uk/wiki/index.php?title=Component:_ID_e78d88a0_e132_4f82_988d_59353009b669
A59: DAC (MCP47x6) | B59: 70A3BEAD-E66D-4A76-BC7B-FB1BAA86D2E6 | C59: DAC_MCP47x6.fcpx | D59: Components\IO_Source\outputs\DAC_MCP47x6.fcfx | E59: COMMSA | F59: ANALOG OUTPUT | I59: I2C | J59: 1 | K59: 1 | L59: 0 | M59: https://www.flowcode.co.uk/wiki/index.php?title=Component:_ID_70a3bead_e66d_4a76_bc7b_fb1baa86d2e6
A60: DAC (MCP48x1) | B60: FAB5CF20-8686-4397-8A21-CC936659D5F6 | C60: DAC_MCP48x1.fcpx | D60: Components\IO_Source\outputs\DAC_MCP48x1.fcfx | E60: COMMSA | F60: ANALOG OUTPUT | I60: SPI | J60: 1 | K60: 1 | L60: 0 | M60: https://www.flowcode.co.uk/wiki/index.php?title=Component:_ID_fab5cf20_8686_4397_8a21_cc936659d5f6
A61: DAC (Internal) | B61: 09222494-FBEF-455B-9651-9E9E46592EB5 | C61: DAC_Output.fcpx | D61: Components\CAL_Source\DAC.fcfx | E61: BASICIO | F61: ANALOG OUTPUT | J61: 1 | K61: 1 | L61: 0 | M61: https://www.flowcode.co.uk/wiki/index.php?title=Component:_ID_09222494_fbef_455b_9651_9e9e46592eb5
A62: DAC(MCP49x1) | B62: B6DE5668-E0AE-4C1A-9C16-B16AA3F58024 | C62: DAC_Output_49x1.fcpx | D62: Components\IO_Source\outputs\DAC_MCP49x1.fcfx | E62: COMMSA | F62: ANALOG OUTPUT | I62: SPI | J62: 1 | K62: 1 | L62: 0 | M62: https://www.flowcode.co.uk/wiki/index.php?title=Component:_ID_b6de5668_e0ae_4c1a_9c16_b16aa3f58024
A63: DAC Dual(MCP49x2) | B63: B66F5769-5E9D-40E7-9159-C6A0552FF86E | C63: DAC_Output_Dual.fcpx | D63: Components\IO_Source\outputs\DAC_MCP49x2.fcfx | E63: COMMSA | F63: ANALOG OUTPUT | I63: SPI | J63: 1 | K63: 1 | L63: 0 | M63: https://www.flowcode.co.uk/wiki/index.php?title=Component:_ID_b66f5769_5e9d_40e7_9159_c6a0552ff86e
A64: DAC Dual(MCP48x2) | B64: F484E96A-AF4F-434E-A002-70D3F4315DFB | C64: DAC_Output_Dual_48x2.fcpx | D64: Components\IO_Source\outputs\DAC_MCP48x2.fcfx | E64: COMMSA | F64: ANALOG OUTPUT | I64: SPI | J64: 1 | K64: 1 | L64: 0 | M64: https://www.flowcode.co.uk/wiki/index.php?title=Component:_ID_f484e96a_af4f_434e_a002_70d3f4315dfb
A65: DAC Quad (MCP4728) | B65: ADB523DB-DB13-4D19-BFA3-0FBC177E4D3F | C65: DAC_Output_MCP4728.fcpx | D65: Components\IO_Source\outputs\DAC_MCP4728.fcfx | E65: COMMSA | F65: ANALOG OUTPUT | I65: I2C | J65: 1 | K65: 1 | L65: 0 | M65: https://www.flowcode.co.uk/wiki/index.php?title=Component:_ID_adb523db_db13_4d19_bfa3_0fbc177e4d3f
A66: DALI Master | B66: 5AEFAC05-EE5E-4D51-9F31-05281900A97E | C66: DALIMaster.fcpx | D66: Components\IO_Source\DALI Master.fcfx | E66: COMMSC | F66: COMMS: SYSTEM | J66: 1 | K66: 1 | L66: 0 | M66: https://www.flowcode.co.uk/wiki/index.php?title=Component:_ID_5aefac05_ee5e_4d51_9f31_05281900a97e
A67: DALI Slave | B67: C714F39E-C8FB-413F-AFDA-2D169E655134 | C67: DALISlave.fcpx | D67: Components\IO_Source\DALI Slave.fcfx | E67: COMMSC | F67: COMMS: SYSTEM | J67: 1 | K67: 1 | L67: 0 | M67: https://www.flowcode.co.uk/wiki/index.php?title=Component:_ID_c714f39e_c8fb_413f_afda_2d169e655134
A68: DFPlayer (MP3 / WAV) | B68: 2061D38D-0CCA-440C-A842-F9C84CA55F90 | C68: DFPlayer.fcpx | D68: Components\IO_Source\DFPlayer.fcfx | E68: COMMSA | F68: AUDIO OUTPUT | G68: INDICATORS | I68: UART | J68: 1 | K68: 1 | L68: 1 | M68: https://www.flowcode.co.uk/wiki/index.php?title=Component:_ID_2061d38d_0cca_440c_a842_f9c84ca55f90
A69: Temp / Humidity (DHT11) | B69: 40785D28-4FE3-4AEC-A5D9-BA30B2D58760 | C69: DHT11.fcpx | D69: Components\IO_Source\Sensors\DHT11.fcfx | E69: SENSORS | F69: ENVIRONMENTAL | J69: 1 | K69: 1 | L69: 0 | M69: https://www.flowcode.co.uk/wiki/index.php?title=Component:_ID_40785d28_4fe3_4aec_a5d9_ba30b2d58760
A70: Temp / Humidity (DHT22) | B70: 95A1525B-7E03-4836-8C09-59BF174F603B | C70: DHT22.fcpx | D70: Components\IO_Source\Sensors\DHT22.fcfx | E70: SENSORS | F70: ENVIRONMENTAL | J70: 1 | K70: 1 | L70: 0 | M70: https://www.flowcode.co.uk/wiki/index.php?title=Component:_ID_95a1525b_7e03_4836_8c09_59bf174f603b
A71: DMX-512 Master | B71: B4E10F9E-4EA9-4FBC-A584-A4D7D4D8FBA6 | C71: DMX512Master.fcpx | D71: Components\IO_Source\DMX-512 Master.fcfx | E71: COMMSC | F71: COMMS: SYSTEM | I71: UART | J71: 1 | K71: 1 | L71: 0 | M71: https://www.flowcode.co.uk/wiki/index.php?title=Component:_ID_b4e10f9e_4ea9_4fbc_a584_a4d7d4d8fba6
A72: DMX-512 Slave | B72: 1BE0AC44-3521-402E-A8B7-1FAF86C09560 | C72: DMX512Slave.fcpx | D72: Components\IO_Source\DMX-512 Slave.fcfx | E72: COMMSC | F72: COMMS: SYSTEM | I72: UART | J72: 1 | K72: 1 | L72: 0 | M72: https://www.flowcode.co.uk/wiki/index.php?title=Component:_ID_1be0ac44_3521_402e_a8b7_1faf86c09560
A73: Input ADC | B73: 3420D1EA-BC10-4727-8419-746101B8DC13 | C73: DSPAnInput.fcpx | D73: Components\IO_Source\DSP\DSP_ADCInput.fcfx | E73: DSP | F73: DSP | J73: 1 | K73: 1 | L73: 0 | M73: https://www.flowcode.co.uk/wiki/index.php?title=Component:_ID_3420d1ea_bc10_4727_8419_746101b8dc13
A74: PID Control | B74: E6DD1315-4ACF-4FB5-ABD9-5743D3715CBE | C74: DSPControl.fcpx | D74: Components\IO_Source\DSP\DSP_PIDControl.fcfx | E74: DSP | F74: DSP | J74: 1 | K74: 1 | L74: 1 | M74: https://www.flowcode.co.uk/wiki/index.php?title=Component:_ID_e6dd1315_4acf_4fb5_abd9_5743d3715cbe
A75: Output DAC | B75: 4483DA18-FA5A-4436-9EDB-0CFB55A4BCE1 | C75: DSPDAC.fcpx | D75: Components\IO_Source\DSP\DSP_DAC.fcfx | E75: DSP | F75: DSP | J75: 1 | K75: 1 | L75: 0 | M75: https://www.flowcode.co.uk/wiki/index.php?title=Component:_ID_4483da18_fa5a_4436_9edb_0cfb55a4bce1
A76: Deinterlace | B76: 0B1D97C1-EE89-45A5-8C39-114CD6D552AD | C76: DSPDeinterlace.fcpx | D76: Components\IO_Source\DSP\DSP_Deinterlace.fcfx | E76: DSP | F76: DSP | J76: 1 | K76: 1 | L76: 1 | M76: https://www.flowcode.co.uk/wiki/index.php?title=Component:_ID_0b1d97c1_ee89_45a5_8c39_114cd6d552ad
A77: Delay | B77: E0DDC704-6BAB-4D08-8F10-19A14C6683EF | C77: DSPDelay.fcpx | D77: Components\IO_Source\DSP\DSP_Delay.fcfx | E77: DSP | F77: DSP | J77: 1 | K77: 1 | L77: 1 | M77: https://www.flowcode.co.uk/wiki/index.php?title=Component:_ID_e0ddc704_6bab_4d08_8f10_19a14c6683ef
A78: Fast Fourier Transform (FFT) | B78: F804A7BD-0280-4FF7-AB75-63BE77FB2AF3 | C78: DSPFFT.fcpx | D78: Components\IO_Source\DSP\DSP_FFT.fcfx | E78: DSP | F78: DSP | J78: 1 | K78: 1 | L78: 1 | M78: https://www.flowcode.co.uk/wiki/index.php?title=Component:_ID_f804a7bd_0280_4ff7_ab75_63be77fb2af3
A79: Filter | B79: 317EFB6A-2BAD-4F83-A0BC-4ADA0F4CD51E | C79: DSPFilter.fcpx | D79: Components\IO_Source\DSP\DSP_Filter.fcfx | E79: DSP | F79: DSP | J79: 1 | K79: 1 | L79: 1 | M79: https://www.flowcode.co.uk/wiki/index.php?title=Component:_ID_317efb6a_2bad_4f83_a0bc_4ada0f4cd51e
A80: Waveform Generator | B80: CBE42ABC-5955-44DA-A6D0-03E7CBCDCACA | C80: DSPFreqGen.fcpx | D80: Components\IO_Source\DSP\DSP_Wave_Gen.fcfx | E80: DSP | F80: DSP | J80: 1 | K80: 1 | L80: 1 | M80: https://www.flowcode.co.uk/wiki/index.php?title=Component:_ID_cbe42abc_5955_44da_a6d0_03e7cbcdcaca
A81: Input Digital | B81: C73D493A-B6A0-4DBE-B4B5-79648F67D11E | C81: DSPInput.fcpx | D81: Components\IO_Source\DSP\DSP_Input.fcfx | E81: DSP | F81: DSP | J81: 1 | K81: 1 | L81: 1 | M81: https://www.flowcode.co.uk/wiki/index.php?title=Component:_ID_c73d493a_b6a0_4dbe_b4b5_79648f67d11e
A82: Input CSV | B82: 73C1C565-8D04-44DD-AB78-1997D5E3C641 | C82: DSPInputCSV.fcpx | D82: Components\IO_Source\DSP\DSP_FileInput.fcfx | E82: DSP | F82: DSP | J82: 1 | K82: 1 | L82: 1 | M82: https://www.flowcode.co.uk/wiki/index.php?title=Component:_ID_73c1c565_8d04_44dd_ab78_1997d5e3c641
A83: Input Digital Pin | B83: 8D6FFD33-4087-46B5-8DFD-F43513748755 | C83: DSPInputPin.fcpx | D83: Components\IO_Source\DSP\DSP_InputPin.fcfx | E83: DSP | F83: DSP | J83: 1 | K83: 1 | L83: 0 | M83: https://www.flowcode.co.uk/wiki/index.php?title=Component:_ID_8d6ffd33_4087_46b5_8dfd_f43513748755
A84: Interlace | B84: 23B8DE7F-5214-4F77-9BAC-4982123B8D4B | C84: DSPInterlace.fcpx | D84: Components\IO_Source\DSP\DSP_Interlace.fcfx | E84: DSP | F84: DSP | J84: 1 | K84: 1 | L84: 1 | M84: https://www.flowcode.co.uk/wiki/index.php?title=Component:_ID_23b8de7f_5214_4f77_9bac_4982123b8d4b
... A94: Output Digital Pin | B94: 0D048C7D-18D5-4BCE-83F1-7E429C0D86B6 | C94: DSPOutputPin.fcpx | D94: Components\IO_Source\DSP\DSP_OutputPin.fcfx | E94: DSP | F94: DSP | J94: 1 | K94: 1 | L94: 0 | M94: https://www.flowcode.co.uk/wiki/index.php?title=Component:_ID_0d048c7d_18d5_4bce_83f1_7e429c0d86b6
A95: Output PWM | B95: 649F4BC2-1360-4629-82AA-62E2FC32D4E4 | C95: DSPPWM.fcpx | D95: Components\IO_Source\DSP\DSP_PWM.fcfx | E95: DSP | F95: DSP | I95: PWM | J95: 1 | K95: 1 | L95: 0 | M95: https://www.flowcode.co.uk/wiki/index.php?title=Component:_ID_649f4bc2_1360_4629_82aa_62e2fc32d4e4
A96: Rectifier | B96: 939A5D54-28C7-488D-AF39-46F7C5D2C429 | C96: DSPRectifier.fcpx | D96: Components\IO_Source\DSP\DSP_Rectifier.fcfx | E96: DSP | F96: DSP | J96: 1 | K96: 1 | L96: 1 | M96: https://www.flowcode.co.uk/wiki/index.php?title=Component:_ID_939a5d54_28c7_488d_af39_46f7c5d2c429
A97: Scale | B97: F1AF5256-1DEE-491C-B43F-FDC8F33279FB | C97: DSPScale.fcpx | D97: Components\IO_Source\DSP\DSP_Scale.fcfx | E97: DSP | F97: DSP | J97: 1 | K97: 1 | L97: 1 | M97: https://www.flowcode.co.uk/wiki/index.php?title=Component:_ID_f1af5256_1dee_491c_b43f_fdc8f33279fb
A98: Simulated Control Load | B98: 907F24E9-A8A3-46EA-942D-67DC55F7EB44 | C98: DSPSimLoad.fcpx | D98: Components\IO_Source\DSP\DSP_SimLoad.fcfx | E98: DSP | F98: DSP | J98: 1 | K98: 1 | L98: 1 | M98: https://www.flowcode.co.uk/wiki/index.php?title=Component:_ID_907f24e9_a8a3_46ea_942d_67dc55f7eb44
A99: Data Sheet | B99: A3A84355-5D1C-4437-900D-FDF3FE6EE6FB | C99: DataSheet.fcpx | D99: Components\IO_Source\2dGDI\ChartSpreadsheet.fcfx | E99: FREE | F99: CHARTS | G99: CHARTS | J99: 1 | K99: 1 | L99: 1 | M99: https://www.flowcode.co.uk/wiki/index.php?title=Component:_ID_a3a84355_5d1c_4437_900d_fdf3fe6ee6fb
A100: Data Sheet B | B100: 265D450B-0719-4B6B-8F66-1AEFCE666E3F | C100: DataSheetB.fcpx | D100: Components\IO_Source\2dGDI\ChartSpreadsheetB.fcfx | E100: FREE | F100: CHARTS | G100: CHARTS | J100: 1 | K100: 1 | L100: 1 | M100: https://www.flowcode.co.uk/wiki/index.php?title=Component:_ID_265d450b_0719_4b6b_8f66_1aefce666e3f
A101: Console Debugger(Raspberry Pi) | B101: A1DA060C-E74A-4E12-BB90-3DDB43265592 | C101: DebugPrint.fcpx | D101: Components\IO_Source\DebugPrint.fcfx | E101: FREE | F101: RUNTIME TOOLS | J101: 1 | K101: 1 | L101: 0 | M101: https://www.flowcode.co.uk/wiki/index.php?title=Component:_ID_a1da060c_e74a_4e12_bb90_3ddb43265592
A102: Device Helper | B102: E2ED1829-6967-4339-98E1-3806650297C5 | C102: DeviceHelper.fcpx | D102: Components\Ctrl_Source\Device Helper.fcfx | E102: FREE | F102: MATRIX TOOLS | J102: 1 | K102: 1 | L102: 0 | M102: https://www.flowcode.co.uk/wiki/index.php?title=Component:_ID_e2ed1829_6967_4339_98e1_3806650297c5
A103: Message Box | B103: D2A7FE23-7DD2-43CA-AD55-185EEC92FDD8 | C103: Dialogue.fcpx | D103: Components\IO_Source\SCADA\Dialogues.fcsx | E103: FREE | F103: INDICATORS | G103: RUNTIME TOOLS | J103: 1 | K103: 1 | L103: 1 | M103: https://www.flowcode.co.uk/wiki/index.php?title=Component:_ID_d2a7fe23_7dd2_43ca_ad55_185eec92fdd8
A104: 4-Digit Display (Grove 104030003) | B104: D9E86781-7FA0-4E64-9F82-EF49152611B0 | C104: DigitDisplay.fcpx | D104: Components\IO_Source\outputs\Grove 4_Digit_Display.fcfx | E104: BASICIO | F104: SEGMENT | J104: 1 | K104: 1 | L104: 0 | M104: https://www.flowcode.co.uk/wiki/index.php?title=Component:_ID_d9e86781_7fa0_4e64_9f82_ef49152611b0
A105: Digital Valve | B105: 9415F6CA-F29A-46CC-B3E8-F047CF0C598A | C105: DigitalValve.fcpx | D105: Components\IO_Source\SCADA\Valve.fcfx | E105: SCADA | F105: INDUSTRIAL | J105: 1 | K105: 1 | L105: 1 | M105: https://www.flowcode.co.uk/wiki/index.php?title=Component:_ID_9415f6ca_f29a_46cc_b3e8_f047cf0c598a
A106: Display Manager | B106: CBFB3C21-F13D-488D-9B90-400C8D4FC605 | C106: DisplayManager.fcpx | D106: Components\IO_Source\displays\DisplayManager.fcfx | E106: FREE | F106: GRAPHICAL LIBRARY | J106: 1 | K106: 1 | L106: 0 | M106: https://www.flowcode.co.uk/wiki/index.php?title=Component:_ID_cbfb3c21_f13d_488d_9b90_400c8d4fc605
A107: Panel Console Viewer | B107: 8E91085E-F978-404F-9DE9-56424C4B56DD | C107: DynamicTextField.fcpx | D107: Components\Ctrl_Source\DynamicTextField.fcfx | E107: MODELS | F107: RUNTIME TOOLS | J107: 1 | K107: 1 | L107: 1 | M107: https://www.flowcode.co.uk/wiki/index.php?title=Component:_ID_8e91085e_f978_404f_9de9_56424c4b56dd
A108: Touch Pads(EB088) | B108: CBB357FA-5252-415D-80F5-01E4AB85CB4A | C108: EB088_CapTouch.fcpx | D108: Components\IO_Source\CapTouchEB088.fcfx | E108: BASICIO | F108: E-BLOCKS 1 | J108: 1 | K108: 1 | L108: 0 | M108: https://www.flowcode.co.uk/wiki/index.php?title=Component:_ID_cbb357fa_5252_415d_80f5_01e4ab85cb4a
A109: E-block 2 Helper | B109: 7AE74A71-A424-452F-8D71-618CF50CFF98 | C109: EB2Helper.fcpx | D109: Components\Ctrl_Source\E-block2 Helper.fcfx | E109: FREE | F109: E-BLOCKS 2 | J109: 1 | K109: 1 | L109: 0 | M109: https://www.flowcode.co.uk/wiki/index.php?title=Component:_ID_7ae74a71_a424_452f_8d71_618cf50cff98
...
